ID,StartTimeToronto,EndTimeToronto,CompletionCode,Bonus
1.70118E+12,28-11-2023 10:05,19-01-2024 15:47,o1OO93-qwzIEvLqTuqOtx,0
1.70129E+12,29-11-2023 16:42,29-11-2023 16:52,v4F4iaauDVmNqNvQ9eBlV,1
1.70129E+12,29-11-2023 16:42,29-11-2023 16:53,Kr4hTwwkAKw2MgSxmx0xL,1
1.70129E+12,29-11-2023 16:43,29-11-2023 16:48,HpkYN8r6cHKqQ1VJNvzJx,0.22
1.70129E+12,29-11-2023 16:44,29-11-2023 16:50,Ehy1g_odWASqJimJvVYBy,0.84
1.70129E+12,29-11-2023 16:45,29-11-2023 17:32,FjGYooakbuS7fedLe6d0F,0.88
1.70129E+12,29-11-2023 16:49,29-11-2023 16:58,F-287bqt9vNwQVhTJaFMY,0.71
1.70129E+12,29-11-2023 16:50,29-11-2023 17:04,NPk7bKqirTnWjcDViUjSV,1
1.70129E+12,29-11-2023 16:51,29-11-2023 17:00,B0eBVP_vkzetYRx3LM6kB,1
1.7013E+12,29-11-2023 16:59,29-11-2023 17:03,W8hMMLdQVNj_NrQUDXEw6,0.75
1.7013E+12,29-11-2023 16:59,29-11-2023 17:03,6qe5iEYfgvuX6ROckNbAD,1
1.7013E+12,29-11-2023 17:00,29-11-2023 17:13,YaI5GfIDgaFv6VqzozdQE,0.91
1.7013E+12,29-11-2023 17:02,29-11-2023 17:08,2k9udVFfc8Ihji-sxijBw,0.98
1.7013E+12,29-11-2023 17:04,29-11-2023 17:27,jIS6rXevxYfAEQz5_qLzz,0.96
1.7013E+12,29-11-2023 17:09,29-11-2023 17:28,#NAME?,0.4
1.7013E+12,29-11-2023 17:16,29-11-2023 17:24,cuDJ7duRZVvSIlHRC88WL,0
1.7013E+12,29-11-2023 17:42,29-11-2023 17:50,0LSJK9pM7wa9GpdU45Sx8,0.84
1.7013E+12,29-11-2023 17:49,29-11-2023 18:12,jE8BuDsRRZyeMGP80OSRm,0.8
1.7013E+12,29-11-2023 17:56,29-11-2023 18:01,Dw6OFnNxzCnUKwNPZpow_,1
1.7013E+12,29-11-2023 18:47,29-11-2023 18:50,VSBsNieHCfSyvy9xH2nN9,0.68
1.7013E+12,29-11-2023 19:07,29-11-2023 19:17,DJxxUyKgh_KRnojryn4nb,0.7
1.70233E+12,11-12-2023 16:33,11-12-2023 16:40,30xdI3d6WsYVTIm3DZlwq,0.66
1.70233E+12,11-12-2023 17:12,11-12-2023 17:19,pRHVZUNXPX66cR7hCmQK_,1
1.70233E+12,11-12-2023 17:13,11-12-2023 17:27,0dluvac-Gq_5p82KNWG5I,0.82
1.70233E+12,11-12-2023 17:13,11-12-2023 17:20,sj6PCW28-0-1DAI0X5kme,0.78
1.70233E+12,11-12-2023 17:13,11-12-2023 17:20,wnj_Trc5h8kiCFh96jw5t,0.99
1.70233E+12,11-12-2023 17:13,11-12-2023 17:19,Sr64fOkrodpf_SdHspxEI,0.99
1.70233E+12,11-12-2023 17:13,11-12-2023 17:31,_khWgDQEWrPZwIWofNKZG,1
1.70233E+12,11-12-2023 17:13,11-12-2023 17:25,wV4cbnMdQ6kZ-ZXrjBgJk,0.93
1.70233E+12,11-12-2023 17:13,11-12-2023 17:22,dj30qlvuBcydLzZ2ZEPLk,0.9
1.70233E+12,11-12-2023 17:13,11-12-2023 17:17,iWgh6YI9kqD68FIRTU0yi,0.55
1.70233E+12,11-12-2023 17:13,11-12-2023 17:18,YV7gph_97YRYGkmRK1Ttk,0.52
1.70233E+12,11-12-2023 17:13,11-12-2023 17:22,fxLkKrk6TZ0MKOQsqHtQs,1
1.70233E+12,11-12-2023 17:13,11-12-2023 17:28,bPwxv64BDYVWH75pOkdHO,0.26
1.70233E+12,11-12-2023 17:13,11-12-2023 17:24,AiHXA38RAHClXRqbVYoQS,0
1.70233E+12,11-12-2023 17:21,11-12-2023 17:35,4F7eGo4kGVfiUm00Fdui-,1
1.70233E+12,11-12-2023 17:13,11-12-2023 17:20,o2Pmh8e4Fb19vYv5gfohB,0.85
1.70233E+12,11-12-2023 17:13,11-12-2023 17:18,Au88HOguGg7YPrgCZexZ8,0.4
1.70233E+12,11-12-2023 17:13,11-12-2023 17:18,znk8Fd-Ii62cWUgXia0ep,0.7
1.70233E+12,11-12-2023 17:13,11-12-2023 17:18,U1zm7MSbGF6TO2nYpUXrc,0.68
1.70233E+12,11-12-2023 17:16,11-12-2023 17:25,IZ4X00SKb0MIL7Dy3vstE,0.67
1.70233E+12,11-12-2023 17:13,11-12-2023 17:17,O3C2Y_4K8Ka1q9t12Nixr,0.31
1.70233E+12,11-12-2023 17:13,11-12-2023 17:28,w5JuRm5NYnd_7U3X82BIk,1
1.70233E+12,11-12-2023 17:13,11-12-2023 17:40,CpAjZWYfsjGrRu4MlMIho,0.22
1.70233E+12,11-12-2023 17:13,11-12-2023 17:22,ZSDID_OKZlZOJCK9II7vr,0.83
1.70233E+12,11-12-2023 17:13,11-12-2023 17:23,_r96x-8FhsL6tZisxuW63,1
1.70233E+12,11-12-2023 17:13,11-12-2023 17:19,5IH1srmwIYgPqJjhjryfm,0.95
1.70233E+12,11-12-2023 17:13,11-12-2023 17:20,AmEoNVffjtZxT6zO8uSQN,0.07
1.70233E+12,11-12-2023 17:13,11-12-2023 17:20,3sXYa2orhXuzjnl6VJoGL,1
1.70233E+12,11-12-2023 17:13,11-12-2023 17:21,rwZ2Ni3pah-3zxPva6FpY,0.48
1.70233E+12,11-12-2023 17:13,11-12-2023 17:39,kR6RqATPZ115gpeic1Ruc,0.85
1.70233E+12,11-12-2023 17:13,11-12-2023 17:37,VFgZXbRI2Lo_Pflr3i_YE,0.31
1.70233E+12,11-12-2023 17:14,11-12-2023 17:30,Yhib2DONmDJAvxFG1Rfzv,1
1.70233E+12,11-12-2023 17:14,11-12-2023 17:27,aouhypdGJIlcGpUJmn0De,0.78
1.70233E+12,11-12-2023 17:14,11-12-2023 17:21,vC_NRh3dovK1cqdZTl4Me,0.8
1.70233E+12,11-12-2023 17:13,11-12-2023 17:20,h7-isnW5O8TC38LkfV39O,1
1.70233E+12,11-12-2023 17:13,11-12-2023 17:35,J9xnJWG8UiI1QT3TxNolH,0.68
1.70233E+12,11-12-2023 17:13,11-12-2023 17:17,5hpRNLG2TBO2o7sTvzqjC,0.11
1.70233E+12,11-12-2023 17:14,11-12-2023 17:24,WvFZ8Ti5ElpVEbBOnw7tS,0.47
1.70233E+12,11-12-2023 17:14,11-12-2023 17:25,kBkdk77Z5Ewy1pcuAeIX4,0.89
1.70233E+12,11-12-2023 17:13,11-12-2023 17:18,DttB_9jYpz_7ivb9I0lFl,1
1.70233E+12,11-12-2023 17:14,11-12-2023 17:22,-6269OOjdAiFKdheW5OXA,0.67
1.70233E+12,11-12-2023 17:14,11-12-2023 17:30,HU3ffX2lPgh8YCciW20vo,0.27
1.70233E+12,11-12-2023 17:14,11-12-2023 17:23,0Ky223YCtMlqrsDwhDplm,0.95
1.70233E+12,11-12-2023 17:14,11-12-2023 17:46,EZO8pMyQTynrFZahJMp_X,1
1.70233E+12,11-12-2023 17:14,11-12-2023 17:27,FqmzU5XJnwmcja1QDwwUN,0.5
1.70233E+12,11-12-2023 17:14,11-12-2023 17:36,#NAME?,0.49
1.70233E+12,11-12-2023 17:14,11-12-2023 17:21,bWedP5lQoC3gpLWSue-6Z,0
1.70233E+12,11-12-2023 17:14,11-12-2023 17:20,U0IL3WczQC0sZIWwPMEg5,0
1.70233E+12,11-12-2023 17:17,11-12-2023 17:25,9IfUl77XNVQY8MdxV0mC4,0.98
1.70233E+12,11-12-2023 17:14,11-12-2023 17:22,ZzvBj9D8Yk3i0DvgJ-sgX,0.89
1.70233E+12,11-12-2023 17:14,11-12-2023 17:19,TaWO4K_xFo0lImeM4J-r6,0.94
1.70233E+12,11-12-2023 17:15,11-12-2023 17:23,WPDwPHFJgfKjsM48L6kjn,0.77
1.70233E+12,11-12-2023 17:14,11-12-2023 17:22,TseDEduXqXyyylOQDHhJ_,1
1.70233E+12,11-12-2023 17:24,11-12-2023 17:36,1nkWVfQCOAmOG5JSqeKGx,1
1.70233E+12,11-12-2023 17:15,11-12-2023 17:21,YhJPlbGWVF858VZB7n8BP,0.97
1.70233E+12,11-12-2023 17:15,11-12-2023 17:26,3NIyWMOI4ipKZ015mFLSN,0.56
1.70233E+12,11-12-2023 17:15,11-12-2023 17:23,blw-Zb0hZGk909as18nEG,0.67
1.70233E+12,11-12-2023 17:15,11-12-2023 17:24,KfT152GqKJGNXkxx5Uktn,0.81
1.70233E+12,11-12-2023 17:15,11-12-2023 17:25,_uGHAClwK89xfNh-tOyvw,0.53
1.70233E+12,11-12-2023 17:15,11-12-2023 17:21,cWJlwubHHtPeRT-UIpwH3,0.87
1.70233E+12,11-12-2023 17:48,11-12-2023 18:05,2EkNBUOvgtxpkqfzZzbt3,0.6
1.70233E+12,11-12-2023 17:15,11-12-2023 17:36,kAeWRKPPWnYCbvge6f7CD,1
1.70233E+12,11-12-2023 17:23,11-12-2023 17:31,_yBU3m_DCV-XGBjs8aPlp,1
1.70233E+12,11-12-2023 17:15,11-12-2023 17:21,_fNzwRMMMnriThThSK0fm,0.17
1.70233E+12,11-12-2023 17:15,11-12-2023 17:30,0KfVWOuLQzaWOFEQhm0CI,0.45
1.70233E+12,11-12-2023 17:15,11-12-2023 17:18,jhpv0f98e4h58olOQANxa,0.73
1.70233E+12,11-12-2023 17:15,11-12-2023 17:36,ZHcJsppc6pZYEV63cA3rN,1
1.70233E+12,11-12-2023 17:15,11-12-2023 17:19,iMNc_iuYE2Kb0YIgxCfzC,1
1.70233E+12,11-12-2023 17:15,11-12-2023 17:22,eWi6vYk35SS-XC0Q87rgQ,0.77
1.70233E+12,11-12-2023 17:16,11-12-2023 17:25,iIiSfm_3E0_COG0-Yn5FY,0.76
1.70233E+12,11-12-2023 17:16,11-12-2023 17:22,E8mnJxSj50tkXQtgrpIkN,0.82
1.70233E+12,11-12-2023 17:16,11-12-2023 17:20,DvlMaqu7ByN__YzH7_foV,0.27
1.70233E+12,11-12-2023 17:24,11-12-2023 17:38,tOHHNOo4ts366M8xWu0Y5,0.28
1.70233E+12,11-12-2023 17:16,11-12-2023 17:32,YkUmVVtz78dr58xpHZ19c,0.54
1.70233E+12,11-12-2023 17:16,11-12-2023 17:25,BoNpU9e-ObWI3hem1avc1,0.81
1.70233E+12,11-12-2023 17:16,11-12-2023 17:24,U35uoSPz0K2AQnRVCsEZz,1
1.70233E+12,11-12-2023 17:16,11-12-2023 17:25,grLmcntxzPX95rBNdOuc0,0.69
1.70233E+12,11-12-2023 17:16,11-12-2023 17:23,2uCv0Pfy5sVQLBd20xTvb,0.47
1.70233E+12,11-12-2023 17:17,11-12-2023 17:24,P4PapoUAIWBe31Rkb0A43,0.22
1.70233E+12,11-12-2023 17:16,11-12-2023 17:21,zrvly2D_3SPgd5iw6xsqB,0.87
1.70233E+12,11-12-2023 17:16,11-12-2023 17:22,KuEibp0uchYmUvzSZgINB,0.73
1.70233E+12,11-12-2023 17:16,11-12-2023 17:19,aWrDidqCWEjwColxuVsy5,0.75
1.70233E+12,11-12-2023 17:16,11-12-2023 17:28,8MKSf92P-KG5oSJ6sZ13M,0.87
1.70233E+12,11-12-2023 17:17,11-12-2023 17:29,1Ebc7LYyEWwNQZ0_UDeku,0.78
1.70233E+12,11-12-2023 17:16,11-12-2023 17:29,2OBD_KJAu5GNkuMIPAvOs,0.88
1.70233E+12,11-12-2023 17:16,11-12-2023 17:21,RGH2aoFnaLEmJRucuQuT4,0.06
1.70233E+12,11-12-2023 17:17,11-12-2023 17:23,uJQ-5svjYoxVqdSWwvgBy,0.87
1.70233E+12,11-12-2023 17:17,11-12-2023 17:23,P9RKkr0vRAjNRr0lHnENG,1
1.70233E+12,11-12-2023 17:17,11-12-2023 17:22,qfverz87wxyJ87_COiL1l,0.8
1.70233E+12,11-12-2023 17:17,11-12-2023 17:25,h_ZdE4gT5Sk7KBmli2icC,0.37
1.70233E+12,11-12-2023 17:17,11-12-2023 17:19,3d0YMz03mtQF3lVGmBbiJ,0
1.70233E+12,11-12-2023 17:17,11-12-2023 17:21,iF8F6iYGaUs3sNkiJFChq,0.7
1.70233E+12,11-12-2023 17:17,11-12-2023 17:22,ShtOBK8xqbt6cDSmSlDNz,0.3
1.70233E+12,11-12-2023 17:17,11-12-2023 17:31,jaXB64jqpyVFRtEJ4ng8c,0.97
1.70233E+12,11-12-2023 17:17,11-12-2023 17:29,1VEspmtIF7Rjr0EmzWKHP,0.94
1.70233E+12,11-12-2023 17:17,11-12-2023 17:24,3lgcPs7mX1q-DhspeIJmf,0.87
1.70233E+12,11-12-2023 17:18,11-12-2023 17:38,gMOPo07iZjOaEyZiVAQvs,0.56
1.70233E+12,11-12-2023 17:17,11-12-2023 17:23,mWdu9Pe1OfYLM0fxJum4v,0.89
1.70233E+12,11-12-2023 17:17,11-12-2023 17:27,NvJmN-uMx6ccmtBYMk6q4,0.65
1.70233E+12,11-12-2023 17:18,11-12-2023 17:35,4LJUnrgI4hxb1PCgyqBJB,0.8
1.70233E+12,11-12-2023 17:18,11-12-2023 17:32,gRa_5RYSEc4nyOeOOXgC2,1
1.70233E+12,11-12-2023 18:09,11-12-2023 18:12,fgh40a5eVgfDI9N741scc,0.75
1.70233E+12,11-12-2023 17:18,11-12-2023 17:30,UJdYlb6RFMk31HKlihM75,0.89
1.70233E+12,11-12-2023 17:18,11-12-2023 17:23,2tGw5uYgFwZJ4Ir6sDgKn,1
1.70233E+12,11-12-2023 17:18,11-12-2023 17:28,dwv6o4du8AEh_soF373Jn,0.56
1.70233E+12,11-12-2023 17:18,11-12-2023 17:22,wBvEJXdNpz01GxFyfQhVw,0.66
1.70233E+12,11-12-2023 17:18,11-12-2023 17:26,4DVEMSOu39sAQxb-T5Q5i,0.97
1.70233E+12,11-12-2023 17:23,11-12-2023 17:28,hy4WO4K2VPoOBTwg8KWvc,0.82
1.70233E+12,11-12-2023 17:19,11-12-2023 17:28,d6cC32INijrKgRSgp7p9V,0.53
1.70233E+12,11-12-2023 17:19,11-12-2023 17:28,tgFflwa0-Zd2jor0YSGX1,0.68
1.70233E+12,11-12-2023 17:19,11-12-2023 17:26,oZiXkvcjf9fBMlGxJu2Da,0.57
1.70233E+12,11-12-2023 17:19,11-12-2023 17:26,-OAP3nKWeg-2IzLhZXxv-,0.68
1.70233E+12,11-12-2023 17:19,11-12-2023 17:25,bFIewCDao2sv-mjpQNrzy,0.83
1.70233E+12,11-12-2023 17:19,11-12-2023 17:24,cnC5nwrxfLuptzi50BWsU,0.53
1.70233E+12,11-12-2023 17:19,11-12-2023 17:29,IYco0QbOzMNIBA-JIDd_9,0.72
1.70233E+12,11-12-2023 17:19,11-12-2023 17:24,dg1vdM5mteC-9ITu7KepD,0.63
1.70233E+12,11-12-2023 17:20,11-12-2023 17:23,FnRhNqYD6U5P5EtqUyQl0,0.93
1.70233E+12,11-12-2023 17:20,11-12-2023 17:40,o7-MR1ugOMGuawQXLfcjw,0.92
1.70233E+12,11-12-2023 17:20,11-12-2023 17:35,iycRnrY6UcXJqAgiBTcsB,0.15
1.70233E+12,11-12-2023 17:19,11-12-2023 17:24,bXa9Lla9jCH41OM1IAAZV,0.43
1.70233E+12,11-12-2023 17:19,11-12-2023 17:35,X-5vwHn2aiuymebqfoPRH,1
1.70233E+12,11-12-2023 17:20,11-12-2023 17:28,Hh7Duggcy607854X567kO,0.68
1.70233E+12,11-12-2023 17:20,11-12-2023 17:30,#NAME?,0.98
1.70233E+12,11-12-2023 17:20,11-12-2023 17:27,1yzsCM21IJzeUfdh9e0jM,0.35
1.70233E+12,11-12-2023 17:20,11-12-2023 17:26,96_rdteOeKeyJz_V9LbUO,1
1.70233E+12,11-12-2023 17:20,11-12-2023 17:27,5mIKiWMUgNcXk6F_4gjxE,0.81
1.70233E+12,11-12-2023 17:26,11-12-2023 17:33,E8mwSWSSJnfKn0gFj7oUQ,0.68
1.70233E+12,11-12-2023 17:20,11-12-2023 17:41,P2YKhczh73c3w2JLX1Imn,0.95
1.70233E+12,11-12-2023 17:21,11-12-2023 17:37,4UgB_ZtWfNchsKUJDYwPT,1
1.70233E+12,11-12-2023 17:20,11-12-2023 17:28,qAATjGgx-P1oNoVp3MEjh,0.93
1.70233E+12,11-12-2023 17:20,11-12-2023 17:29,p3bLMNZPj3U9UBdnqVzik,0.8
1.70233E+12,11-12-2023 17:20,11-12-2023 17:30,pG5o_-tolGIKJnPqPf-D4,0.77
1.70233E+12,11-12-2023 17:22,11-12-2023 17:44,zZo15UmNdCiEpAFBAvmEp,1
1.70233E+12,11-12-2023 17:20,11-12-2023 17:27,82FjMpbUtKF8GJBrn2RRC,1
1.70233E+12,11-12-2023 17:20,11-12-2023 17:29,fl4g5ewWfWWQj4IGqx5y9,1
1.70233E+12,11-12-2023 17:21,11-12-2023 17:29,nLVdroOvIwj0CDnkXckyD,0.96
1.70233E+12,11-12-2023 17:22,11-12-2023 17:28,nD5zOv3XGvrNNovJNJPZb,0.95
1.70233E+12,11-12-2023 17:22,11-12-2023 17:29,gmLup8ONg965FUcZXmMDA,0.17
1.70233E+12,11-12-2023 17:21,11-12-2023 18:02,8NHgRqiwPX-tGR7rxfugw,0.59
1.70233E+12,11-12-2023 17:28,11-12-2023 17:36,XiPFvz6QNmoEQkululYas,0
1.70233E+12,11-12-2023 17:21,11-12-2023 17:26,qpEmmiQIa9Chd3n5Aqyot,0.23
1.70233E+12,11-12-2023 17:21,11-12-2023 17:28,9HwOXcb4qlXvMPhWM8WBd,1
1.70233E+12,11-12-2023 17:21,11-12-2023 17:27,NLLfpYPZKZFPy-AO525Iy,0.86
1.70233E+12,11-12-2023 17:22,11-12-2023 17:26,qnbboVGD-0IrFjuzUkvdq,0.56
1.70233E+12,11-12-2023 17:30,11-12-2023 17:41,XjQNHtFO7CBcqB2VlnI1L,0.86
1.70233E+12,11-12-2023 17:22,11-12-2023 17:33,c1MeXZtnGqGGVvFoJ1Ufw,0.32
1.70233E+12,11-12-2023 17:22,11-12-2023 17:27,3b-pg5AtrgNIlIUnC578L,0.99
1.70233E+12,11-12-2023 17:22,11-12-2023 17:54,F5CdWRHb63RZOGYGeOPxC,0.79
1.70233E+12,11-12-2023 17:23,11-12-2023 17:35,iUa3jL0ZY9DVhAqXfgLU0,0.32
1.70233E+12,11-12-2023 17:23,11-12-2023 17:32,AA61W_FY8mfsimfCMHubu,1
1.70233E+12,11-12-2023 17:23,11-12-2023 17:26,Fo0iLdnp9opZjaozIICT0,0.84
1.70233E+12,11-12-2023 17:23,11-12-2023 18:01,sZG27FxM8Hq0NUw_bSzG8,0.47
1.70233E+12,11-12-2023 17:23,11-12-2023 17:29,dTXjxlh0l_HT4zJI4ruml,1
1.70233E+12,11-12-2023 17:25,11-12-2023 17:45,y1wxgr3CAfnuo7AybyG0Q,1
1.70233E+12,11-12-2023 17:23,11-12-2023 17:32,8LaCM4U8Du3IzF5S2GXrD,0.75
1.70233E+12,11-12-2023 17:32,11-12-2023 17:59,2SEECOjXnXuGjSBXlM1kK,0.46
1.70233E+12,11-12-2023 17:24,11-12-2023 17:31,uQ_CK9GH9cHwjMZ23SGS5,1
1.70233E+12,11-12-2023 17:24,11-12-2023 17:30,raIAomtsEpb_4PqQmpsVm,0.75
1.70233E+12,11-12-2023 17:24,11-12-2023 17:31,0Yj1dz0MuB4jRtR93-VOt,1
1.70233E+12,11-12-2023 17:27,11-12-2023 17:37,cT5KVQmcebQNzBbCixuDv,0.4
1.70233E+12,11-12-2023 17:24,11-12-2023 17:29,GLoJ3iAGrgxVVoSYAKFUF,0.94
1.70233E+12,11-12-2023 17:25,11-12-2023 17:37,v0_Y4koNPOGjQDE8bqL_e,0.64
1.70233E+12,11-12-2023 17:25,11-12-2023 17:28,CV5zAR9qKMDI6OMdRm4jT,0.83
1.70233E+12,11-12-2023 17:25,11-12-2023 17:34,5q8YTIyB7tWndA36bMMB2,0.98
1.70233E+12,11-12-2023 17:25,11-12-2023 17:30,GeSUAe8utksImBpCS4WvK,0.9
1.70233E+12,11-12-2023 17:26,11-12-2023 17:34,99YBPVKC7rZo0fPswouFV,0.66
1.70233E+12,11-12-2023 17:28,11-12-2023 17:40,f_ZQ866aHPvg3enwf5TN2,1
1.70233E+12,11-12-2023 17:27,11-12-2023 17:40,n0UjeFrL-xyoEMlL63rDn,0
1.70233E+12,11-12-2023 17:28,11-12-2023 17:41,YJoY7yFdxc0NxnLs1I0rl,0.92
1.70233E+12,11-12-2023 17:27,11-12-2023 17:30,WUJ9DIiJ2D6uU3zcj8aF2,0.85
1.70233E+12,11-12-2023 17:29,11-12-2023 17:42,vJC2bk4SikmbMrFSwk2Zs,0.96
1.70233E+12,11-12-2023 17:28,11-12-2023 17:36,sNnsWJ0xYcq49S9R5PERj,0.23
1.70233E+12,11-12-2023 17:31,11-12-2023 17:35,rDA8MQWxt0-pwmvjQSf5Q,0.65
1.70233E+12,11-12-2023 17:29,11-12-2023 17:33,YHQPYWKmS5rG6cfX7u9Em,0.79
1.70233E+12,11-12-2023 17:30,11-12-2023 17:42,QbXWJz6oy6y50UQIklz9i,1
1.70233E+12,11-12-2023 17:30,11-12-2023 17:42,y7C-LTz3SNDjjA51zzWrL,0.77
1.70233E+12,11-12-2023 17:30,11-12-2023 17:35,dO4_EmEXsuO_f40SA0OzN,0.78
1.70233E+12,11-12-2023 17:30,11-12-2023 17:36,ZtJe7Uuepo3Xx4kWWxbK1,0.71
1.70233E+12,11-12-2023 17:30,11-12-2023 17:48,YPX63m9eGbAuL91hYL0RK,0
1.70233E+12,11-12-2023 17:31,11-12-2023 17:36,Kj4qX9vX9uSqL0z-SaxHj,0.75
1.70233E+12,11-12-2023 17:31,11-12-2023 17:34,oXwGDxtZXJ7cc_2OoX1EO,0.7
1.70233E+12,11-12-2023 17:31,11-12-2023 17:45,Mhs3QxZAB0W_EYCk2jDQX,0.25
1.70233E+12,11-12-2023 17:37,11-12-2023 17:40,8dODYCmqI4JvQBW40Gzf1,0.73
1.70233E+12,11-12-2023 17:32,11-12-2023 17:42,X0nAZAlQkR1hvm8N8Du--,1
1.70233E+12,11-12-2023 17:38,11-12-2023 17:42,ZQyH1k909kkhOzyFOmnAM,0.97
1.70233E+12,11-12-2023 17:33,11-12-2023 17:44,orRicPsW6NExocTl_lx3m,0.56
1.70233E+12,11-12-2023 17:41,11-12-2023 18:11,WQhlmlJlhL7tFJjI1IhAq,0.33
1.70233E+12,11-12-2023 17:51,11-12-2023 18:03,fF8XUMMJcbfBGIYImDA-5,0.68
1.70233E+12,11-12-2023 17:35,11-12-2023 17:52,p9mv_rL_HOqmldCCCdVCO,0.82
1.70233E+12,11-12-2023 17:36,11-12-2023 17:50,c-NXGAsxLXU4xTE7C-3_k,0.9
1.70233E+12,11-12-2023 17:36,11-12-2023 17:47,4krv5Fmhk7wToSUbZLC1F,0.93
1.70233E+12,11-12-2023 17:38,11-12-2023 17:46,ZPM4lC2kVBD6Ind20KMnA,1
1.70233E+12,11-12-2023 17:40,11-12-2023 17:48,#NAME?,0.86
1.70233E+12,11-12-2023 17:40,11-12-2023 17:58,r8DYfIFyJd1SFzgavKktN,0.87
1.70233E+12,11-12-2023 17:42,11-12-2023 17:50,LNwNraGv15dZAHau7ULZj,0.74
1.70233E+12,11-12-2023 17:42,11-12-2023 17:57,sPZHRCDhTFr7beVZe3xMZ,0.66
1.70233E+12,11-12-2023 17:42,11-12-2023 17:47,pJmmvcVwXwlnl01cDZk5Y,0.97
1.70233E+12,11-12-2023 17:43,11-12-2023 18:12,tHXCAAA7X2UaZehlXPzRl,0.71
1.70233E+12,11-12-2023 17:43,11-12-2023 17:58,PV3mWC3c_bYW9mKw0Pays,0.28
1.70233E+12,11-12-2023 17:47,11-12-2023 17:52,zNcErOtXnWWqa0K3ywHK8,0.82
1.70233E+12,11-12-2023 17:47,11-12-2023 17:58,O0FaAsLT8z5xSUMyv2vTt,1
1.70233E+12,11-12-2023 17:48,11-12-2023 18:00,pPUxYYGIqJ3Rz38f2Q8ZL,1
1.70233E+12,11-12-2023 17:54,11-12-2023 18:05,iN08CVxIxiFPP-wWluM0e,0.58
1.70233E+12,11-12-2023 17:49,11-12-2023 18:02,bUnl3I5RylsmEh4IyuQbP,1
1.70233E+12,11-12-2023 17:49,11-12-2023 17:57,fj0bLQyIJ2ffARQXF5MUn,1
1.70233E+12,11-12-2023 17:50,11-12-2023 18:01,rnBqG4DZfnOpHZQCSo_eK,0.78
1.70233E+12,11-12-2023 17:50,11-12-2023 17:56,RcgxvbxQeurMdFsUOQeFp,1
1.70234E+12,11-12-2023 17:50,11-12-2023 18:21,v-ceZPJue1GoFYsH8J1Ci,0.76
1.70234E+12,11-12-2023 17:51,11-12-2023 17:55,khg-s3b2F_SBv701adnoD,1
1.70234E+12,11-12-2023 17:52,11-12-2023 18:05,DGXLNTonCJKbx_wumZ1FI,1
1.70234E+12,11-12-2023 17:53,11-12-2023 18:04,31VT6j4kgFGgpeoUrz4gH,0.57
1.70234E+12,11-12-2023 17:53,11-12-2023 18:01,s4v0de6msEzU5tgE_JGmo,0.88
1.70234E+12,11-12-2023 17:53,11-12-2023 18:00,9oDHS_rJZXa6KBeC5EFis,0.29
1.70234E+12,11-12-2023 17:54,11-12-2023 17:57,STSQ7gikikgdv_IoBXRhS,0.79
1.70234E+12,11-12-2023 17:55,11-12-2023 18:06,5zf9lNF9axXhXmty51vPX,0.89
1.70234E+12,11-12-2023 17:54,11-12-2023 18:15,LO6Fo6QPitnnflp-qAFGT,0.93
1.70234E+12,11-12-2023 17:55,11-12-2023 18:01,TDhmt3GUnjvVTPeTNMEXw,0.56
1.70234E+12,11-12-2023 17:55,11-12-2023 17:57,62xZ0JAZ2DLJHyYVweS9J,0.71
1.70234E+12,11-12-2023 17:56,11-12-2023 18:09,u0HRkOFPsfS1JjNO0G1mx,0.77
1.70234E+12,11-12-2023 17:55,11-12-2023 18:04,HfEnN2j7li0GnayntasoV,0.99
1.70234E+12,11-12-2023 17:56,11-12-2023 18:04,CLrYJ1qcA9GqvidTYXNh4,1
1.70234E+12,11-12-2023 17:57,11-12-2023 18:08,EiOTltTZLkL2gDfi16lNB,0.22
1.70234E+12,11-12-2023 18:00,11-12-2023 18:07,cRmD9tFayiyIL3td9Qpdn,0.81
1.70234E+12,11-12-2023 18:01,11-12-2023 18:03,1T1UuDXDxZ4vkLCn_GA8X,0.47
1.70234E+12,11-12-2023 18:04,11-12-2023 18:13,pKGqcvZ3_c8yy752rzMs8,1
1.70234E+12,11-12-2023 18:05,11-12-2023 18:08,abqOUS92KRuLO8vD8sCWu,0.16
1.70234E+12,11-12-2023 18:08,11-12-2023 18:15,y7nCL5YdFPWUUBCt6YyA6,0.76
1.70234E+12,11-12-2023 18:09,11-12-2023 18:17,W_iNwViZZolxIFsU1PKCg,0.88
1.70234E+12,11-12-2023 18:12,11-12-2023 18:25,Ryv-2X7IsIy1is3yd-mJY,0.96
1.70234E+12,11-12-2023 18:13,11-12-2023 18:25,3K9V_UaOZnPN2w7Cb8gjG,0.95
1.70234E+12,11-12-2023 18:14,11-12-2023 18:34,lJPWO54drpEtj3-THLttN,0.25
1.70234E+12,11-12-2023 18:14,11-12-2023 18:22,#NAME?,0.77
1.70234E+12,11-12-2023 18:14,11-12-2023 18:25,pmhpLbxwADfam-_fy8ass,0.85
1.70234E+12,11-12-2023 18:14,11-12-2023 18:26,kE9tAKZDC9rPihYqBsR_v,0.94
1.70234E+12,11-12-2023 18:15,11-12-2023 18:22,dTuBhvyfojQn_bz7Gz0Ee,0.83
1.70234E+12,11-12-2023 18:14,11-12-2023 18:19,mCl4OK2Wt3gUeUCbtKyXj,0.94
1.70234E+12,11-12-2023 18:14,11-12-2023 18:39,T_3ZlIwGn6KKkh2uqopz9,1
1.70234E+12,11-12-2023 18:14,11-12-2023 18:23,ep81pjOtmszLpTQMp-RYg,1
1.70234E+12,11-12-2023 18:15,11-12-2023 18:27,z-KjxBvo6K_Ik_jKQQzkw,0.3
1.70234E+12,11-12-2023 18:14,11-12-2023 18:27,ayjvnIkZRM6UI7Q-Ird9E,0.78
1.70234E+12,11-12-2023 18:15,11-12-2023 18:38,#NAME?,1
1.70234E+12,11-12-2023 18:14,11-12-2023 18:18,5KZBoqNGukTmnanzwpbqI,0.16
1.70234E+12,11-12-2023 18:15,11-12-2023 18:19,Z9JNUdgMTrwYml9zx_qGO,0.75
1.70234E+12,11-12-2023 18:15,11-12-2023 18:19,yP2fb3oMkm0iPorXRIvdW,0.85
1.70234E+12,11-12-2023 18:15,11-12-2023 18:28,qBPC8_6wHjP-155V5bm1v,0.45
1.70234E+12,11-12-2023 18:15,11-12-2023 18:45,G3yl2A-xre7Pbp2ZV4JSk,0.78
1.70234E+12,11-12-2023 18:15,11-12-2023 18:24,J5zmU2sL8pwiK3_VMDnvb,0.64
1.70234E+12,11-12-2023 18:15,11-12-2023 18:21,R4-W-LdnZgmGb5f7nrVO8,0.34
1.70234E+12,11-12-2023 18:15,11-12-2023 18:27,IOClSgtmmEg8QEIsJINYP,0.65
1.70234E+12,11-12-2023 18:15,11-12-2023 18:30,l_zl-BuILQlHetb_70NG_,1
1.70234E+12,11-12-2023 18:16,11-12-2023 18:20,gfNARS12ko5Cqv115riBM,1
1.70234E+12,11-12-2023 18:16,11-12-2023 18:18,XLoJNkFG5Z-cEzpUhyZ9G,0.65
1.70234E+12,11-12-2023 18:16,11-12-2023 18:20,T1eW05MMs7Cecnon22woi,0.71
1.70234E+12,11-12-2023 18:18,11-12-2023 18:41,fvcr6GwwJaZlPPuCrUAPu,1
1.70234E+12,11-12-2023 18:16,11-12-2023 18:21,sKyaevxGHBfmbSfFlSFZy,0.63
1.70234E+12,11-12-2023 18:17,11-12-2023 18:25,pr2fok3gafPjnJg_QRIXa,0.28
1.70234E+12,11-12-2023 18:18,11-12-2023 18:27,6SayGn3mdQ4sk-dXuzIuP,1
1.70234E+12,11-12-2023 18:21,11-12-2023 18:25,ylPjNc6CXCI_qUU5ohB2I,1
1.70234E+12,11-12-2023 18:56,11-12-2023 19:04,rR8VHbKZdBvB2Yd7qsyIf,1
1.70234E+12,11-12-2023 18:24,11-12-2023 18:35,cZrmFdeIOKOAGwQrTHrOE,1
1.70234E+12,11-12-2023 18:25,11-12-2023 18:27,A5q8RaBDak4WMpetJw8vK,0.6
1.70234E+12,11-12-2023 18:26,11-12-2023 18:32,L6G4jCk9uZlmXmuHDZNca,1
1.70234E+12,11-12-2023 18:27,11-12-2023 18:38,w0RCyoJxbFA0Oj3PF6wDN,0.64
1.70234E+12,11-12-2023 18:27,11-12-2023 18:35,HnfURLXtT3ezXNss1ux3W,1
1.70234E+12,11-12-2023 18:29,11-12-2023 18:40,nOHydVvtpmAc4SMOdOLRO,0.81
1.70234E+12,11-12-2023 18:30,11-12-2023 18:41,Z-YsPLI4Eakb0VrL-dXiw,0.93
1.70234E+12,11-12-2023 18:30,11-12-2023 18:40,Pk4hs9NuxzQvHQjHO5Yv8,0.87
1.70234E+12,11-12-2023 18:31,11-12-2023 18:38,mLIz1VaIg8GvMZJRjwVmx,0.78
1.70234E+12,11-12-2023 18:34,11-12-2023 19:06,blYN8lp4nQ2NxqEQc4qB6,0
1.70234E+12,11-12-2023 18:32,11-12-2023 18:39,8QkIhxXgM0MyVpwyyOl6t,0.4
1.70234E+12,11-12-2023 18:33,11-12-2023 18:39,2-X22uZgLAJI6Y8s-eKti,0.88
1.70234E+12,11-12-2023 18:34,11-12-2023 18:48,JlCSVezi9AYrFjdiDjIVV,0.63
1.70234E+12,11-12-2023 15:35,11-12-2023 15:50,0OAXQXxptQaJlTQkBBTEg,1
1.70234E+12,11-12-2023 18:38,11-12-2023 18:44,UjNU37NDQx--qbDwP0Lf4,1
1.70234E+12,11-12-2023 18:44,11-12-2023 18:53,UnonaAiKM35aMc-whoMSF,1
1.70234E+12,11-12-2023 18:46,11-12-2023 18:59,jVy1O2inbw-T_QTMQBBby,0.63
1.70234E+12,11-12-2023 18:47,11-12-2023 18:53,JuNshhLun__lDLYlauxVr,0.93
1.70234E+12,11-12-2023 18:49,11-12-2023 18:55,ESQDhUlB9ANLnBu5_RXed,0.56
1.70234E+12,11-12-2023 18:52,11-12-2023 18:57,kL--rO2_FoVqPINoUnzn7,0.34
1.70234E+12,11-12-2023 18:54,11-12-2023 19:01,mOW2GRYuESRVW1slThQwR,0.85
1.70234E+12,11-12-2023 18:54,11-12-2023 19:04,0-bkRJtCeNbTuEFWB59pI,0.94
1.70234E+12,11-12-2023 19:07,11-12-2023 19:38,qXDxQFmp_xyqd1km0z4uR,0.9
1.70234E+12,11-12-2023 19:03,11-12-2023 19:06,hbmrUL6fYsmARLEXeduYr,0.64
1.70234E+12,11-12-2023 19:09,11-12-2023 19:16,kzh0tr25u1ymyqkCJ_Enh,0.19
1.70234E+12,11-12-2023 19:10,11-12-2023 19:15,0vdBqE4ICMQqveIyQg4a6,0.72
1.70234E+12,11-12-2023 19:14,11-12-2023 19:25,ns5JasVhGAIoY_bcy9_4Y,0.22
1.70234E+12,11-12-2023 19:14,11-12-2023 19:19,#NAME?,0.62
1.70234E+12,11-12-2023 19:15,11-12-2023 19:22,BnhAS4O_QiP6R3AjbNaOD,0.25
1.70234E+12,11-12-2023 19:16,11-12-2023 19:49,v8dxX8xuWGueh9fNKxppX,1
1.70234E+12,11-12-2023 19:16,11-12-2023 19:20,Io4OAzxmjogiqozleJiSe,0.75
1.70234E+12,11-12-2023 19:16,11-12-2023 19:28,4m5u0LnBrODdN2cE1icrt,0.52
1.70234E+12,11-12-2023 19:29,11-12-2023 19:36,6bcDvTpJr1o7Mvmpqu7iW,1
1.70234E+12,11-12-2023 19:34,11-12-2023 19:46,MsOgx2G501n7mWb0aRI9b,0.05
1.70234E+12,11-12-2023 19:37,11-12-2023 19:52,mEvKGDKJb7i9gVA-obzZ_,1
1.70234E+12,11-12-2023 19:39,11-12-2023 19:42,QUbkxjXay7ri68odo2Mhv,0.99
1.70234E+12,11-12-2023 19:42,11-12-2023 19:47,OMIc9D_Iajdfo9F-cVSMB,0.52
1.70234E+12,11-12-2023 20:06,11-12-2023 20:15,hT73mwaeNqMtAGci-RqXi,1
1.70234E+12,11-12-2023 20:18,11-12-2023 20:27,CT4URtfC2RcFz9txwLfVC,0.96
1.70235E+12,11-12-2023 22:16,11-12-2023 22:30,t0tng0aVAxQn34eU23cOo,0.96
1.70235E+12,11-12-2023 23:13,11-12-2023 23:19,nz5beeuPr9zOyD4E_Ahe_,0.25
1.70326E+12,22-12-2023 09:58,22-12-2023 10:01,6ZuR65x1JvJX31HUyVEkX,0.78
1.70474E+12,08-01-2024 14:44,08-01-2024 14:55,eLFBhCeKGokDsSoq_GLd3,0.84
1.70499E+12,11-01-2024 10:34,11-01-2024 10:40,u8SgZqf8pac_J-EQ7rPqn,1
1.70528E+12,14-01-2024 19:12,14-01-2024 19:25,effnQLD2cyEiVki9lmJc2,0
1.70528E+12,14-01-2024 19:39,14-01-2024 19:46,okI7sjdurF36WBsA6l_fA,1
1.70528E+12,14-01-2024 19:39,14-01-2024 19:47,gqcpoANG1SQg6bKzV01Pq,0.6
1.70528E+12,14-01-2024 19:42,14-01-2024 19:47,6lO-JAon2_qkJMEonVYTS,0.86
1.70528E+12,14-01-2024 20:18,14-01-2024 20:27,_iSCKTrOwy27l2jCDsLYA,0.78
1.70528E+12,14-01-2024 20:12,14-01-2024 20:20,GwESkofpE-lElwB4rjIYn,1
1.70528E+12,14-01-2024 20:14,14-01-2024 20:21,w9etYtsnBF2YZnbLTCpqe,0.9
1.70528E+12,14-01-2024 20:34,14-01-2024 20:55,BW3PqjgOJdhH5AI00QzTP,0.81
1.70528E+12,14-01-2024 20:34,14-01-2024 20:39,tuWnuoSyJe963JtlzLLfZ,0.79
1.70528E+12,14-01-2024 20:34,14-01-2024 20:40,8pgPHrKjKwrd8g2K78GOp,0.62
1.70528E+12,14-01-2024 20:35,14-01-2024 20:42,9aaLmwvzfwswINE_7OY9B,0.69
1.70528E+12,14-01-2024 20:34,14-01-2024 20:39,sio6M5D8loA_zCdj0atlo,0.62
1.70528E+12,14-01-2024 20:36,14-01-2024 20:41,4vaJD8txwg1WZULn0aobQ,0.93
1.70528E+12,14-01-2024 20:39,14-01-2024 20:45,kNFsmp_BaQOKBUNPFo7oq,0.63
1.70528E+12,14-01-2024 20:39,14-01-2024 20:46,Uwv-AcBFCp0NyCP8zuSV-,0.74
1.70528E+12,14-01-2024 20:39,14-01-2024 20:43,_1pKlGXp7KvFT3QxMjlB7,0.66
1.70528E+12,14-01-2024 20:40,14-01-2024 20:49,G9pD4JYDcXNZrc7W6ORJG,0.84
1.70528E+12,14-01-2024 20:41,14-01-2024 20:57,L-fE4N5LX5BiM2deaMzkm,0.64
1.70528E+12,14-01-2024 20:48,14-01-2024 20:52,Q218JUviZwWS37ZYy0ryV,0.81
1.70528E+12,14-01-2024 20:54,14-01-2024 20:57,3Ro8czWTF9vmMIcg50AP7,0.89
1.70528E+12,14-01-2024 20:56,14-01-2024 21:05,UErSMvMAVldLU8TzsAUF_,0.96
1.70528E+12,14-01-2024 20:59,14-01-2024 21:06,lJ2s7s1WF2p4UyLQ4R9we,1
1.70528E+12,14-01-2024 21:03,14-01-2024 21:07,JCc6tn3vosUXSiMxOSq1y,1
1.70528E+12,14-01-2024 21:04,14-01-2024 21:11,OuBTvw6kgWp3sMsX6VJAp,0.29
1.70528E+12,14-01-2024 21:08,14-01-2024 21:14,889qMucnEZLXUENW9x549,0.85
1.70528E+12,14-01-2024 21:08,14-01-2024 22:04,ohWYK1Rm-4kcjlJdtu_Ur,0.58
1.70528E+12,14-01-2024 21:16,14-01-2024 21:24,HnAaR2nejdmUBT_Lz-nAC,0.57
1.70529E+12,14-01-2024 21:23,14-01-2024 21:28,L580WdQtEfabS5Re6N9mn,0.78
1.70529E+12,14-01-2024 21:25,14-01-2024 21:31,sMn3RTVUUmK9Rmvf07CQG,0.58
1.70529E+12,14-01-2024 21:26,14-01-2024 21:31,MUDa_qrFgu7FPZ3XGp0QM,0.42
1.70529E+12,14-01-2024 21:27,14-01-2024 21:33,n96CONbi14jFR2ZqnKvs3,0
1.70529E+12,14-01-2024 21:30,14-01-2024 21:32,tQ45HKtkigrtf08fvc3lE,0.78
1.70529E+12,14-01-2024 21:35,14-01-2024 21:40,3iLWhvsuqjAGUeQkvI506,0.73
1.70529E+12,14-01-2024 21:36,14-01-2024 21:42,MQ6cLxjLTA0hOfdl9jt2p,1
1.70529E+12,14-01-2024 21:39,14-01-2024 21:46,rc59cJ9Ov-7qeskISHu6r,0.41
1.70529E+12,14-01-2024 21:40,14-01-2024 21:52,mlzA3H-8SyvotKu-Hg104,0.89
1.70529E+12,14-01-2024 22:13,14-01-2024 22:19,1ZXCe1cwmgPROKF-tqzf9,0.36
1.70529E+12,14-01-2024 22:15,14-01-2024 22:24,0fM_zMn2_DO61xixzBEjE,0.97
1.70529E+12,14-01-2024 22:23,14-01-2024 22:31,lxHZHUM0Q4_LKomxRaXNi,0.64
1.70529E+12,14-01-2024 23:07,14-01-2024 23:28,CmgZBTnM1D9amNTpsNMTp,0.5
1.70529E+12,14-01-2024 23:25,14-01-2024 23:54,AZ29453vYddSCZFZZ-3rh,0.55
1.70559E+12,18-01-2024 08:53,18-01-2024 09:08,CYu8_IFo3tVRJQB_yUiLu,0.7
1.70594E+12,22-01-2024 12:35,22-01-2024 12:44,AgRvlM63C8hFIAjziwn-y,1
1.70594E+12,22-01-2024 12:35,22-01-2024 12:42,iGNbggJhS1lPNerCGJbus,0
1.70594E+12,22-01-2024 12:35,22-01-2024 12:39,WD6cT8vO3iEGOrbOcHHxb,0.66
1.70594E+12,22-01-2024 12:35,22-01-2024 12:45,YgjcgztH_h9JwKBuv007x,1
1.70594E+12,22-01-2024 12:36,22-01-2024 12:39,SbizosBedfQ7nmPsQo0sR,0.74
1.70594E+12,22-01-2024 12:35,22-01-2024 12:45,_XCBOu-O8S29oNy-sjM3B,1
1.70594E+12,22-01-2024 12:35,22-01-2024 12:39,F5WD9vhSRfaCKJi1KY9W1,0.94
1.70594E+12,22-01-2024 12:36,22-01-2024 12:50,K_tI7pVNQgwGSSt5lPXie,0.66
1.70594E+12,22-01-2024 12:36,22-01-2024 12:44,lkP6Br71VD7JNR4joiBSz,0.47
1.70594E+12,22-01-2024 12:36,22-01-2024 12:39,wfHeXOm5uBV8kETHQSaCv,0.65
1.70594E+12,22-01-2024 12:36,22-01-2024 12:41,P_8eFcAbs2oxAjMx0xcdN,0.92
1.70594E+12,22-01-2024 12:36,22-01-2024 12:42,2CRYoRpyhdhpATKV41SSL,0.67
1.70595E+12,22-01-2024 12:36,22-01-2024 12:47,_zEsr37uyT-q24hhv2Z77,0.86
1.70595E+12,22-01-2024 12:36,22-01-2024 12:39,dyaIu7mQeqan29tavfzMy,0.59
1.70595E+12,22-01-2024 12:36,22-01-2024 12:43,43-R6jX5nWl281zTtx6SM,0.98
1.70595E+12,22-01-2024 12:36,22-01-2024 12:45,BdSAb5cztzOvWZbjG_B3D,0.88
1.70595E+12,22-01-2024 12:37,22-01-2024 12:48,eYlE9JzbdCL36DYjbu5Ut,1
1.70595E+12,22-01-2024 12:37,22-01-2024 12:41,e0NBlbI9NL3vYAHiwetwN,1
1.70595E+12,22-01-2024 12:37,22-01-2024 12:42,iroHW-sMKUE07crXNcUx6,0.82
1.70595E+12,22-01-2024 12:37,22-01-2024 12:45,wst_ykmGwjedgam4litR_,0
1.70595E+12,22-01-2024 12:36,22-01-2024 12:41,uE0H1H676kTF4rULYqJK1,0.57
1.70595E+12,22-01-2024 12:37,22-01-2024 12:42,0rGOy3KqWShnF52KN7uA4,0.31
1.70595E+12,22-01-2024 12:36,22-01-2024 12:41,ZYjOe8bbilYLKqZG67CNN,0.87
1.70595E+12,22-01-2024 12:37,22-01-2024 12:48,M8-Mas_3OG02ZTbCaBIA3,0.89
1.70595E+12,22-01-2024 12:37,22-01-2024 12:40,CE15dzuC_Pi0_SSQA4Ji4,0.31
1.70595E+12,22-01-2024 12:37,22-01-2024 12:42,c-1m3WkoRZe-1suTdUS23,0.8
1.70595E+12,22-01-2024 12:37,22-01-2024 12:44,u86etd57NWDUvn_2vF_Cc,0.84
1.70595E+12,22-01-2024 12:36,22-01-2024 12:40,fQYRg-ZkzbB-Ow_qtKHW3,0
1.70595E+12,22-01-2024 12:37,22-01-2024 12:45,Z3jNKqPbJt_cjGCu5FpRr,0.84
1.70595E+12,22-01-2024 12:37,22-01-2024 12:43,UlMRLMx4-TTk6hCs9vwDw,0.87
1.70595E+12,22-01-2024 12:37,22-01-2024 12:45,RIHZiAIxJDbwTM3t9HqgE,0.82
1.70595E+12,22-01-2024 12:37,22-01-2024 12:43,pRXcunSPmjiqAOe6uF94L,0.75
1.70595E+12,22-01-2024 12:37,22-01-2024 12:42,a03eYr0TRM5vTQsK0GDdw,0.17
1.70595E+12,22-01-2024 12:37,22-01-2024 12:49,IpQ1yjykz04qBmFqtAZQE,0.93
1.70595E+12,22-01-2024 12:37,22-01-2024 12:41,R5HYzSL3c-CR2SM-pDqvT,0.85
1.70595E+12,22-01-2024 12:37,22-01-2024 12:44,K0yriGtJEHl7Ny9rzVClt,0.53
1.70595E+12,22-01-2024 12:37,22-01-2024 12:48,dYHto6nh7wGhSR5EkdEhy,0.48
1.70595E+12,22-01-2024 12:37,22-01-2024 12:44,KZIupTfWQdduQyGHmfbi8,0.82
1.70595E+12,22-01-2024 12:39,22-01-2024 12:48,XRjwHHCqcxeNLZj9nZgKS,0.62
1.70595E+12,22-01-2024 12:37,22-01-2024 12:47,Ibnp0ZPyVdWMGvjooEVD5,0
1.70595E+12,22-01-2024 12:37,22-01-2024 12:40,QMMD3a7G3qJ729E7JqtJn,0
1.70595E+12,22-01-2024 12:37,22-01-2024 12:41,mFXoooIAJ2Vs6XhNlEnC5,0.77
1.70595E+12,22-01-2024 12:37,22-01-2024 12:44,81RIBbMIf5zYusQLAvpoo,0
1.70595E+12,22-01-2024 12:43,22-01-2024 12:58,PwmX7aJWWmf22R45EiASJ,0.84
1.70595E+12,22-01-2024 12:37,22-01-2024 12:45,Mb761_zSjZlF2Vpbvntoz,0.88
1.70595E+12,22-01-2024 12:37,22-01-2024 12:44,4MDF_4gTTJDHI1V8MRyXW,0.5
1.70595E+12,22-01-2024 12:37,22-01-2024 12:42,nU40hR1Uy_FBOoa0v1-OI,0.68
1.70595E+12,22-01-2024 12:37,22-01-2024 12:42,VSSTVtdv8OLOrXUJpJbXP,0.24
1.70595E+12,22-01-2024 12:37,22-01-2024 12:46,JH_LdHYp2d94FUBRmq7cM,1
1.70595E+12,22-01-2024 12:37,22-01-2024 12:44,QwYyxuVSDJ4togPGlup4u,0.36
1.70595E+12,22-01-2024 12:37,22-01-2024 12:52,ayo-_XDlsVMcMuJpae0qm,0.91
1.70595E+12,22-01-2024 12:37,22-01-2024 12:41,DUyQQZBuvst3bqAE9BMuk,0.58
1.70595E+12,22-01-2024 12:37,22-01-2024 12:43,bXdwHEZ7jkUb3dBWYaJSu,0.82
1.70595E+12,22-01-2024 12:37,22-01-2024 12:41,PDcFn2emegOpBAN0LfxIl,0.69
1.70595E+12,22-01-2024 12:37,22-01-2024 12:41,XWgAxo9Vj0jfKdPejzg6u,0.3
1.70595E+12,22-01-2024 12:37,22-01-2024 12:41,24s7pB-OHN4dAwU-ITz1K,0.97
1.70595E+12,22-01-2024 12:37,22-01-2024 12:40,r4BaE3KFNrW7OXpdaoRuh,0.76
1.70595E+12,22-01-2024 12:37,22-01-2024 12:45,1_OQqMkUtvSRAc6OgwnPW,0.83
1.70595E+12,22-01-2024 12:37,22-01-2024 12:43,NzTM5veF1eMlk31qSXeP8,0.88
1.70595E+12,22-01-2024 12:37,22-01-2024 12:42,lvZIagC0-KkxidkhkahKw,0.48
1.70595E+12,22-01-2024 12:37,22-01-2024 12:41,HBy1mPv7qmDv8tkLQWPb-,0.84
1.70595E+12,22-01-2024 12:37,22-01-2024 12:49,5V5J1df3N3gVi-1glSyCZ,0.34
1.70595E+12,22-01-2024 12:37,22-01-2024 12:49,EDXv0-IVpvBvjpEF-THyc,0
1.70595E+12,22-01-2024 12:37,22-01-2024 12:49,eiDuAJyl_DuyGV34CVHLe,0
1.70595E+12,22-01-2024 12:37,22-01-2024 12:42,0y-8h-sC47SVYudzF7CTT,0
1.70595E+12,22-01-2024 12:37,22-01-2024 12:49,szzNRakd1wNt2EnIgTEp_,0.65
1.70595E+12,22-01-2024 12:40,22-01-2024 12:44,ivQ4Nfb4V5x7HWuK07GZh,0.71
1.70595E+12,22-01-2024 12:38,22-01-2024 12:44,q-2NcKXuDYcYGTV5aoNWK,0
1.70595E+12,22-01-2024 12:37,22-01-2024 12:49,vPytc31OsNfQPUYCukIgq,0
1.70595E+12,22-01-2024 12:37,22-01-2024 12:41,9OEzJAZw6SHwihLnFiC3_,0
1.70595E+12,22-01-2024 12:37,22-01-2024 12:41,5Z01LdYEIwDJNd2ppuXaR,0.85
1.70595E+12,22-01-2024 12:40,22-01-2024 12:46,YTPloqjHpVw47rTtu588n,0
1.70595E+12,22-01-2024 12:37,22-01-2024 12:42,Ez_7OlHoH4gcT-njLbHpq,0.41
1.70595E+12,22-01-2024 12:37,22-01-2024 12:44,dXnstTCouMjJhp7CCV9j0,0.59
1.70595E+12,22-01-2024 12:37,22-01-2024 12:44,ODHn_dLrPaT8k5htVAOvO,0.94
1.70595E+12,22-01-2024 12:37,22-01-2024 12:45,1mhMkMeMr3yWJ14N3_rW_,1
1.70595E+12,22-01-2024 12:37,22-01-2024 12:41,fxTo7g73HJXN-sOLQMW8U,0.28
1.70595E+12,22-01-2024 12:38,22-01-2024 12:46,OngOa3PsbDLnS9r1ptFk0,0.93
1.70595E+12,22-01-2024 12:38,22-01-2024 12:43,AFH_zdnMJv77iZR0SbrW7,1
1.70595E+12,22-01-2024 12:38,22-01-2024 12:42,sVWTCbe-ZsrTQiTcV_Fwp,0.78
1.70595E+12,22-01-2024 12:38,22-01-2024 12:41,bSYVyXfKXs9-qyPLq1tP1,0.69
1.70595E+12,22-01-2024 12:38,22-01-2024 12:44,Jjj_RQ-pTxU3E30VBS8Qb,0.81
1.70595E+12,22-01-2024 12:38,22-01-2024 12:41,XE6D3ZHV3BWay1XN5L7V-,0.84
1.70595E+12,22-01-2024 12:38,22-01-2024 12:45,oyVC15MeobPbiHw9b3t_t,0.77
1.70595E+12,22-01-2024 12:38,22-01-2024 12:43,9p63Jr8_GR1kFeTrLsY9b,0.61
1.70595E+12,22-01-2024 12:38,22-01-2024 12:44,CBzsT1oib8bV3UTUGgWi2,0.78
1.70595E+12,22-01-2024 12:38,22-01-2024 12:46,Pa8z5kxRD0W0NwFYzsoQT,1
1.70595E+12,22-01-2024 12:38,22-01-2024 12:45,gu7HyqUeMvsd3Jmfe0j2J,0.68
1.70595E+12,22-01-2024 12:38,22-01-2024 12:43,limSIZ5M2CCuzgrevr-hV,0.7
1.70595E+12,22-01-2024 12:43,22-01-2024 13:09,IAzeR6VpE5M02rO7S7x25,0.59
1.70595E+12,22-01-2024 12:38,22-01-2024 12:43,pbzQyyHEaLvodbxq_SP98,0.67
1.70595E+12,22-01-2024 12:38,22-01-2024 12:45,2tj6xFEBxpvNBBgPGeVrp,0.79
1.70595E+12,22-01-2024 12:42,22-01-2024 12:49,BT2Pq4YS63vzt-DQOZWfa,0.82
1.70595E+12,22-01-2024 12:38,22-01-2024 12:47,sDc1MWqzccLUs5ONBvx48,0.72
1.70595E+12,22-01-2024 12:39,22-01-2024 12:47,xLwM-VgVj5QeNr3hHFBj-,0.29
1.70595E+12,22-01-2024 12:38,22-01-2024 12:44,WZFETf7qwh9TWjeeXroRd,0.94
1.70595E+12,22-01-2024 12:38,22-01-2024 12:47,dMcE3pnQu_OEK_UZdFtY_,0.7
1.70595E+12,22-01-2024 12:38,22-01-2024 12:49,7E792eBWquPAM4dBlAOEp,0.93
1.70595E+12,22-01-2024 12:39,22-01-2024 12:45,gJMLMxkIc-4m-bki8Q6ZK,0.6
1.70595E+12,22-01-2024 12:39,22-01-2024 12:45,MuzKOWtB1XtEpVp9D8Ce5,0.65
1.70595E+12,22-01-2024 12:40,22-01-2024 12:51,s3CeESTj5aIylFCdKvAGd,0.63
1.70595E+12,22-01-2024 12:38,22-01-2024 12:49,CWBtBRtj0JbWxg8Dwh8PX,0.89
1.70595E+12,22-01-2024 12:38,22-01-2024 12:49,0e0oGR48XBJB7CoEyiz0u,0.62
1.70595E+12,22-01-2024 12:39,22-01-2024 12:43,YlmG5aA_j19GQ35rkFXWB,0.53
1.70595E+12,22-01-2024 12:38,22-01-2024 12:42,I19brL4zhoER34PwwPXWH,0.24
1.70595E+12,22-01-2024 12:38,22-01-2024 12:50,X7FFWS2mKmFH9k2-le5qt,1
1.70595E+12,22-01-2024 12:38,22-01-2024 12:42,2vaqNSybxH-Lv2abwcrGP,0.61
1.70595E+12,22-01-2024 12:38,22-01-2024 12:50,nSdje2Q8oYKFw6L2P8p3D,0.81
1.70595E+12,22-01-2024 12:38,22-01-2024 12:42,fmU1KoX3aLdgJ9XoEL0it,0.87
1.70595E+12,22-01-2024 12:40,22-01-2024 12:56,hKbv-5oxYfhoYQvieWIyU,0.78
1.70595E+12,22-01-2024 12:40,22-01-2024 12:46,azMo1BlOU-aDZmIs_NHBa,0.68
1.70595E+12,22-01-2024 12:39,22-01-2024 12:43,V73IA06tWZP1-Omj9oTpC,0.67
1.70595E+12,22-01-2024 12:39,22-01-2024 12:43,hZeay-V2dvihJbHulmg9B,0.79
1.70595E+12,22-01-2024 12:42,22-01-2024 12:52,ml8jed2JYnMmk-OVYpqtr,0.87
1.70595E+12,22-01-2024 12:39,22-01-2024 12:51,yGRR8aycPL9Qt0Ap64zFd,0.59
1.70595E+12,22-01-2024 12:39,22-01-2024 12:52,7kfxWsfbSnkHA3iIMG8uO,0.79
1.70595E+12,22-01-2024 12:39,22-01-2024 12:46,5olQ_IJ-LocOEzQBCnt2t,0.92
1.70595E+12,22-01-2024 12:39,22-01-2024 12:52,A91BAJpSYXRa06H8CZjcV,0.94
1.70595E+12,22-01-2024 12:40,22-01-2024 12:52,ZJdK5aH2A4FicLFx88bC1,0.78
1.70595E+12,22-01-2024 12:39,22-01-2024 12:43,LjB3VDLrBTXmWkzDxZJPb,1
1.70595E+12,22-01-2024 12:39,22-01-2024 12:57,abSbMF-PhZ-TEwAqSxpNn,1
1.70595E+12,22-01-2024 12:39,22-01-2024 12:43,XlpzhQgAUi6Z9xhn8cWRM,0.84
1.70595E+12,22-01-2024 12:39,22-01-2024 12:47,hv8dgBJyw1MXRvFjkaUCV,0.56
1.70595E+12,22-01-2024 12:39,22-01-2024 12:44,D4RDIeuTUkxicXDtzjRrr,0.94
1.70595E+12,22-01-2024 12:39,22-01-2024 12:47,DB3_Fr_VbvrkloFwUyS5H,0.25
1.70595E+12,22-01-2024 12:47,22-01-2024 13:01,6_LYZw7zEsOt-FBUKUxmR,0.22
1.70595E+12,22-01-2024 12:39,22-01-2024 12:47,SjvwRo4z9RdkddjojU-Vn,0.54
1.70595E+12,22-01-2024 12:39,22-01-2024 12:45,qEB92Wv2VU_Ig8eT-yDMJ,0.76
1.70595E+12,22-01-2024 12:40,22-01-2024 12:46,Lna0wjR97X5qXMGuI2gip,0.42
1.70595E+12,22-01-2024 12:39,22-01-2024 12:44,isp4k9i9wT-E8rvjbMMcZ,0.81
1.70595E+12,22-01-2024 12:39,22-01-2024 12:46,SEmgYMjou_xQGtNSW198Z,0.27
1.70595E+12,22-01-2024 12:39,22-01-2024 12:44,8JFEVroc8X7R3ErDSY8Km,1
1.70595E+12,22-01-2024 12:40,22-01-2024 12:56,PWqPd2ou_UOFREia9sRqa,0.72
1.70595E+12,22-01-2024 12:40,22-01-2024 12:46,iw7orghMhsLHVkXQ3YyIy,0.97
1.70595E+12,22-01-2024 12:41,22-01-2024 12:51,POIcVRfguUW8l-EmvOdRU,0.85
1.70595E+12,22-01-2024 12:39,22-01-2024 12:52,1RPUR-azJ76U_Oz1NqVf-,1
1.70595E+12,22-01-2024 12:40,22-01-2024 12:45,SX7PFKiAfOiKO1xd_h5G9,0.83
1.70595E+12,22-01-2024 12:40,22-01-2024 12:45,t5H0i6vXoIJcQR-fNUCRF,0.94
1.70595E+12,22-01-2024 12:40,22-01-2024 12:45,02fQXas0ZW6IfA2CRNG9e,0.46
1.70595E+12,22-01-2024 12:40,22-01-2024 12:45,YxRFk3FwOBomK5w5KlhJv,0.66
1.70595E+12,22-01-2024 12:40,22-01-2024 12:47,wORnAlphwo9J47UYvf_kH,0.88
1.70595E+12,22-01-2024 12:40,22-01-2024 12:48,vDQPFfvVvw1kpJfFuRhvK,0.5
1.70595E+12,22-01-2024 12:40,22-01-2024 12:45,a0VBZhJ70VCvTFIWtz_MM,1
1.70595E+12,22-01-2024 12:40,22-01-2024 12:42,QM2On97DbxYRqoNBYZvmo,0
1.70595E+12,22-01-2024 12:40,22-01-2024 12:51,qvtaLNOW8aiKdsWyVMCma,1
1.70595E+12,22-01-2024 12:40,22-01-2024 12:50,Q2TJhJ-L2Kds3JHm3sN5H,0.87
1.70595E+12,22-01-2024 12:40,22-01-2024 12:46,Ww19sawO4aHLmZ9wRIbzo,0.42
1.70595E+12,22-01-2024 12:40,22-01-2024 12:48,7aOXVQ92DpyFStrrzN-LO,0.78
1.70595E+12,22-01-2024 12:40,22-01-2024 12:46,Q1aIPFfbrv85zly4Qppqp,0.52
1.70595E+12,22-01-2024 12:40,22-01-2024 12:44,PiBXAcHGsZeUTAfsoJHLi,0.62
1.70595E+12,22-01-2024 12:41,22-01-2024 12:49,_qBXiI-WqWcXC767BN1W0,0.6
1.70595E+12,22-01-2024 12:41,22-01-2024 12:46,G1APZMpgk0EPcMeboj5EG,0.78
1.70595E+12,22-01-2024 12:41,22-01-2024 12:45,Fb3iREIhWcm_FC4oTe5K9,0.68
1.70595E+12,22-01-2024 12:41,22-01-2024 12:46,j57Aqx7xBsU3OuUx6raMj,0.82
1.70595E+12,22-01-2024 12:41,22-01-2024 12:46,quAvyiSGBJifAekuFWcmx,0.83
1.70595E+12,22-01-2024 12:41,22-01-2024 12:45,RGaLQTS7o3iO4s5d9ZaXq,0.72
1.70595E+12,22-01-2024 12:41,22-01-2024 12:47,BHUZAGUyxcT40QOvH4PUB,0.77
1.70595E+12,22-01-2024 12:41,22-01-2024 12:47,j83nMudSoZiCoewhmuGue,0.67
1.70595E+12,22-01-2024 12:41,22-01-2024 12:50,mil1fD8vfnRyvztIrpLC_,0.48
1.70595E+12,22-01-2024 12:41,22-01-2024 12:48,6OwJP0HAtUcywEuuIBWyD,1
1.70595E+12,22-01-2024 12:41,22-01-2024 12:47,mxSUP9rvgmmQ-WIyudQTG,0.65
1.70595E+12,22-01-2024 12:41,22-01-2024 12:48,aoYtMxFDD2wJ4NHnyU81f,0.74
1.70595E+12,22-01-2024 12:41,22-01-2024 12:47,f61C4FcUtOMjQBFs2gazC,0
1.70595E+12,22-01-2024 12:41,22-01-2024 12:44,DM04Nzsjsyk0I_XgdLC07,0.33
1.70595E+12,22-01-2024 12:42,22-01-2024 12:47,o7Ib1tUWsJ1WJ5DbUHI5Z,1
1.70595E+12,22-01-2024 12:41,22-01-2024 12:51,V8C_S7B_m72Gl3HU_lKLV,0.91
1.70595E+12,22-01-2024 12:42,22-01-2024 12:46,5nDwmWn6DF86RIPlHjpxM,0
1.70595E+12,22-01-2024 12:42,22-01-2024 12:48,MWPERnzaYBkmsxQvoRWar,1
1.70595E+12,22-01-2024 12:42,22-01-2024 12:46,SY-xlgvHMYXPwqSzmlAWN,0.33
1.70595E+12,22-01-2024 12:42,22-01-2024 12:48,RtUs_DJtfn0lOvBckxwPJ,0
1.70595E+12,22-01-2024 12:42,22-01-2024 12:48,FjEtZTKrfWUuA7DgxA7eN,0
1.70595E+12,22-01-2024 12:42,22-01-2024 12:54,V9CHGqgspBLBXb2VdhRLH,0
1.70595E+12,22-01-2024 12:42,22-01-2024 12:44,i9J7zYanWVEHozHKXonK9,0.14
1.70595E+12,22-01-2024 12:51,22-01-2024 13:24,D_sNmKa9HZ0uP82v1zHqb,0.33
1.70595E+12,22-01-2024 12:44,22-01-2024 12:55,vUpkGy-CeNgM54YSrm9su,0.63
1.70595E+12,22-01-2024 12:43,22-01-2024 12:49,FLHEB9yWpMtdZQ93TOnp7,1
1.70595E+12,22-01-2024 12:42,22-01-2024 12:48,TMl9esls6Tv9Sli0D-8cs,0
1.70595E+12,22-01-2024 12:42,22-01-2024 13:06,nOqw9LwEHAn5C7-qz9P-P,1
1.70595E+12,22-01-2024 12:42,22-01-2024 12:49,vjViiX8PYduJB2ovdZhnW,0.58
1.70595E+12,22-01-2024 12:42,22-01-2024 12:55,B3mJ6zC3c0Tupom_XouUO,1
1.70595E+12,22-01-2024 12:43,22-01-2024 12:51,ZcoqgQFmepCJep3sUqHYc,0.92
1.70595E+12,22-01-2024 12:43,22-01-2024 12:47,5i6LfjaarFKFMd14g1bn5,0
1.70595E+12,22-01-2024 12:44,22-01-2024 12:52,yFPRKqXLIA5C6-iYsNDvW,0.72
1.70595E+12,22-01-2024 12:42,22-01-2024 12:46,YtcHsHBLM8JvJqXJ_iWi4,0.71
1.70595E+12,22-01-2024 12:42,22-01-2024 12:48,HOgk7-hMhEz7qV1ZwIRnj,1
1.70595E+12,22-01-2024 12:42,22-01-2024 12:52,vhugUfR8IY6sLSTyheT6L,0
1.70595E+12,22-01-2024 12:42,22-01-2024 12:46,uYhABm6OnSKxFqjEPH4wD,0.9
1.70595E+12,22-01-2024 12:43,22-01-2024 12:49,uH4KVaaa4v7q3sssazagb,1
1.70595E+12,22-01-2024 12:43,22-01-2024 12:46,5Jl2kr1XwHtKZ99UUVZ1R,0.53
1.70595E+12,22-01-2024 12:43,22-01-2024 12:46,zRfJewDAinCKxxz2_aV6e,0.69
1.70595E+12,22-01-2024 12:43,22-01-2024 12:52,Ov5LFqtEhBAvn9wnMGwVg,0.87
1.70595E+12,22-01-2024 12:43,22-01-2024 12:48,4uMlWKXMWtCQiSMTyJwya,0.73
1.70595E+12,22-01-2024 12:43,22-01-2024 12:49,upMCocbqygIckdwEHKN1i,0.81
1.70595E+12,22-01-2024 12:43,22-01-2024 12:50,lQtVohP-VYI9fbrzh1o9C,0
1.70595E+12,22-01-2024 12:43,22-01-2024 12:48,RURdwd89J1LegK7_6u2pQ,0.62
1.70595E+12,22-01-2024 12:43,22-01-2024 12:50,B_anxcLTwG0EKQ7JLgePG,0.92
1.70595E+12,22-01-2024 12:43,22-01-2024 12:49,YaUkjuEzfkpMZDkgvmSAr,0.97
1.70595E+12,22-01-2024 12:43,22-01-2024 12:48,2-rMAielcDvJ0kkzh1QDQ,0.32
1.70595E+12,22-01-2024 12:43,22-01-2024 12:49,#NAME?,0.98
1.70595E+12,22-01-2024 12:43,22-01-2024 12:47,KjrGUnS-WuXVwgx0e7hA6,0.17
1.70595E+12,22-01-2024 12:43,22-01-2024 12:50,L1NyiWrJTHjy9ESxlDGZs,0.58
1.70595E+12,22-01-2024 12:44,22-01-2024 12:59,ZOqcjVnG-y-KlfFORkcSo,0.73
1.70595E+12,22-01-2024 12:43,22-01-2024 12:47,4Yon0VHMi5_R5Kfn9k1wp,0.77
1.70595E+12,22-01-2024 12:43,22-01-2024 12:51,t3Va4hTb8V1qMOoRylO0_,0.57
1.70595E+12,22-01-2024 12:43,22-01-2024 12:51,WR-6znnwwwHdK20RAG2B_,0.9
1.70595E+12,22-01-2024 12:44,22-01-2024 12:46,qDHXMJBpz07YfwhBlO5xS,0.74
1.70595E+12,22-01-2024 12:44,22-01-2024 12:56,1ABoqaeO1NSddNhmqi8TO,0.82
1.70595E+12,22-01-2024 12:44,22-01-2024 12:48,D0m3UIJ7cjwcyXmt51OSO,0.82
1.70595E+12,22-01-2024 12:44,22-01-2024 13:04,EMSrFb3Xg_97LwdujVAB-,0.6
1.70595E+12,22-01-2024 12:44,22-01-2024 13:20,h9sDZav15RGIjTuBkUTRb,0.76
1.70595E+12,22-01-2024 12:44,22-01-2024 12:47,NeZuLlD-dpgVGWAnS-f00,0.3
1.70595E+12,22-01-2024 12:44,22-01-2024 12:47,H0iVO6tsO5YrAQ3Kp5eVn,0.76
1.70595E+12,22-01-2024 12:44,22-01-2024 12:54,n3CWlUduWe4KRLYjaMpE_,0.99
1.70595E+12,22-01-2024 12:48,22-01-2024 12:51,keiig10IPJHbbWIp0lHF0,0
1.70595E+12,22-01-2024 12:44,22-01-2024 12:52,4r3FlsvWHTgtqNGd99gt1,0
1.70595E+12,22-01-2024 12:44,22-01-2024 12:51,Hl7-QMZHU0SJrmoW7Flis,0.69
1.70595E+12,22-01-2024 12:45,22-01-2024 12:56,Ta41UO--AQXWfiA4TC916,0.97
1.70595E+12,22-01-2024 12:45,22-01-2024 12:55,2jLnOlozDjB6IzgM6oxk2,0.81
1.70595E+12,22-01-2024 12:45,22-01-2024 12:58,C5fbwKBciUdyv-ca0roi-,0.82
1.70595E+12,22-01-2024 12:45,22-01-2024 13:06,uKrH8Fc3qXxpYtrvPSnfs,0.95
1.70595E+12,22-01-2024 12:45,22-01-2024 12:51,dZa2SQzaDLrm71Q53V-XN,1
1.70595E+12,22-01-2024 12:45,22-01-2024 12:51,7KVAau9PeZDG7pjbQSl8-,1
1.70595E+12,22-01-2024 12:45,22-01-2024 12:53,2O1cWdXSxTyKQUj_flzJa,0.67
1.70595E+12,22-01-2024 12:45,22-01-2024 12:55,xm-9jQIFccegMKWFcpK4n,1
1.70595E+12,22-01-2024 12:45,22-01-2024 12:51,pR7urZLNSMLfJ7K4LmW3I,0.77
1.70595E+12,22-01-2024 12:45,22-01-2024 12:50,YgSI0HbzAzgHcQonjbRyJ,0.37
1.70595E+12,22-01-2024 12:45,22-01-2024 12:50,Ep3xR0D3RejfmsUQl8xUU,0.97
1.70595E+12,22-01-2024 12:46,22-01-2024 12:52,a06jfISUgrVpB0jUxUbRi,0.65
1.70595E+12,22-01-2024 12:47,22-01-2024 12:53,78jVtngjGm49tSyh3OFut,0
1.70595E+12,22-01-2024 12:45,22-01-2024 12:51,s8b3YOjFxAcKIoHP-fK1Q,0
1.70595E+12,22-01-2024 12:45,22-01-2024 12:59,szJ3DgGr-KP3vx_YoiVoH,0
1.70595E+12,22-01-2024 12:46,22-01-2024 12:55,hO0O9JjJdw2Kwntukmq3r,0
1.70595E+12,22-01-2024 12:46,22-01-2024 13:01,QPAMQKd6x2oh7fh0Ksge6,1
1.70595E+12,22-01-2024 12:46,22-01-2024 12:49,PYZgAoQcD5xSg_dFPvzkW,0.49
1.70595E+12,22-01-2024 12:46,22-01-2024 12:52,YXXmFG0W5NX_X2sDSuN8v,0.64
1.70595E+12,22-01-2024 12:46,22-01-2024 12:51,GcOrnV15CHbnu4om5DB36,0.81
1.70595E+12,22-01-2024 12:46,22-01-2024 13:14,in231YFPMVTnhEZ9wVg7d,0
1.70595E+12,22-01-2024 12:46,22-01-2024 12:51,F6Po0XR8PDsWoZnRtdSh4,1
1.70595E+12,22-01-2024 12:46,22-01-2024 12:53,px-U2ZT38H_biWY3huJHy,0
1.70595E+12,22-01-2024 12:46,22-01-2024 12:50,rFmjaHa-2hYjKrbz1NVUS,0.74
1.70595E+12,22-01-2024 12:46,22-01-2024 12:55,1V4HtgpVkbsH1D8j8ywvc,0.46
1.70595E+12,22-01-2024 12:46,22-01-2024 12:53,uqbQSVeuZrhH_ep3f1mxH,1
1.70595E+12,22-01-2024 12:46,22-01-2024 12:54,fUQ-q2P6kJfWMzcsJyZVX,0.86
1.70595E+12,22-01-2024 12:46,22-01-2024 12:49,0zPPANPKdGbMGV0uzl-UI,0.2
1.70595E+12,22-01-2024 12:46,22-01-2024 12:51,ZsrMUqlZSC1U5CfYHiVo1,0.87
1.70595E+12,22-01-2024 12:46,22-01-2024 12:50,JnTUm0ehghIKe79n4DuyI,0.64
1.70595E+12,22-01-2024 12:46,22-01-2024 13:02,TxOAUwb_dvmZDhQLAtSu_,0.23
1.70595E+12,22-01-2024 12:46,22-01-2024 12:58,jbYyj6ur8hMkTU27s8eC6,0.73
1.70595E+12,22-01-2024 12:47,22-01-2024 12:52,s9H1luBScgjGAfAdjJdAQ,0.63
1.70595E+12,22-01-2024 12:46,22-01-2024 12:49,eSYEYdL4tRMJKSyN5VymB,0.63
1.70595E+12,22-01-2024 12:46,22-01-2024 12:53,j5dYpmtT7FmTnX4tzZYUj,0.66
1.70595E+12,22-01-2024 12:47,22-01-2024 12:54,bU2YpvDdyZaVfU55DuP61,0.78
1.70595E+12,22-01-2024 12:47,22-01-2024 12:56,m8cMa-h16yed2zxPJSJ0P,0.83
1.70595E+12,22-01-2024 12:46,22-01-2024 12:53,gC00lgRs6RC-Sx10DoCUU,0.93
1.70595E+12,22-01-2024 12:47,22-01-2024 12:51,ekDWQe3KkFF2e90F-tU_M,0.83
1.70595E+12,22-01-2024 12:47,22-01-2024 12:51,rNbDGvNCYYJueFLUq0tJv,0.77
1.70595E+12,22-01-2024 12:47,22-01-2024 13:01,mcEXgCL2NL0kMtjKAEpjf,0.74
1.70595E+12,22-01-2024 12:47,22-01-2024 12:55,ongZDx2xcW-R5t5qKcCez,0.79
1.70595E+12,22-01-2024 12:47,22-01-2024 12:51,VUHiO81AhGbc4ZIBAOaoJ,0.79
1.70595E+12,22-01-2024 12:47,22-01-2024 13:02,MiFqrksEspvZWU8SIedWj,0.6
1.70595E+12,22-01-2024 12:47,22-01-2024 12:52,8gHedLG9hZx95i4lXjBLs,0.7
1.70595E+12,22-01-2024 12:47,22-01-2024 12:53,4UVCrNSHeA3HASk75qGJq,0.84
1.70595E+12,22-01-2024 12:47,22-01-2024 12:51,zz_1enuaJDAK9W7zVHW21,0.8
1.70595E+12,22-01-2024 12:47,22-01-2024 12:52,hxO7w1HqshUnL4OE4mv-m,0.8
1.70595E+12,22-01-2024 12:47,22-01-2024 12:51,9EIZ8DCIG0Q-1E-yx2Qko,0.72
1.70595E+12,22-01-2024 12:58,22-01-2024 13:04,#NAME?,0.78
1.70595E+12,22-01-2024 12:49,22-01-2024 13:05,TB5ri394UmHvrLxetWzZI,0.44
1.70595E+12,22-01-2024 12:47,22-01-2024 12:54,qOJuXIIwDBnlwkXlRfQQX,0.32
1.70595E+12,22-01-2024 12:48,22-01-2024 12:51,ba6l0o7rGchWRsa8wrMAO,0.48
1.70595E+12,22-01-2024 12:48,22-01-2024 12:50,YkjUsU6ArcA_7JfaRMp9n,0.7
1.70595E+12,22-01-2024 12:48,22-01-2024 12:58,OQQrxty97o8VQLzg-qIS_,0.28
1.70595E+12,22-01-2024 12:48,22-01-2024 12:56,5IZVU63YJCs7y-GjIIa87,0.21
1.70595E+12,22-01-2024 12:48,22-01-2024 12:54,AupUl10AyjxpFiVB5_3v4,0.85
1.70595E+12,22-01-2024 12:48,22-01-2024 13:00,CapXOhq9DZ6U1OiysU7V3,0.76
1.70595E+12,22-01-2024 12:48,22-01-2024 13:02,jbGGQuYC18hO2NSQ8w8cx,0.68
1.70595E+12,22-01-2024 12:48,22-01-2024 12:53,REe44nqtEC3c_r4aaG9mH,1
1.70595E+12,22-01-2024 12:48,22-01-2024 12:52,GYRlYYaUhrr3MY_ZaDNgg,0.34
1.70595E+12,22-01-2024 12:48,22-01-2024 12:54,L22UJcXJm7vQ3en3sjxFT,0.8
1.70595E+12,22-01-2024 12:48,22-01-2024 12:56,rtCspysgRKEisT4zxGSxV,0.56
1.70595E+12,22-01-2024 12:48,22-01-2024 12:53,6n_Uz7OzDKcI-mbVNmRmv,0.96
1.70595E+12,22-01-2024 12:49,22-01-2024 12:56,qw0gObFvFFVy_bmmodwPx,0.55
1.70595E+12,22-01-2024 12:49,22-01-2024 12:57,Ud1N1sUroH55QTLteem3A,0.53
1.70595E+12,22-01-2024 12:48,22-01-2024 12:59,qEecWvUjswcpah664GRdo,0.94
1.70595E+12,22-01-2024 12:48,22-01-2024 12:54,JGpEOVFv042V92Wy81NYN,0
1.70595E+12,22-01-2024 12:48,22-01-2024 12:51,Br-qpyU77m1xulEhv5e9j,0.82
1.70595E+12,22-01-2024 12:49,22-01-2024 12:53,_VF20hRTkP0oh1ktgf6yT,0.35
1.70595E+12,22-01-2024 12:50,22-01-2024 12:57,6zDFI2nHYR52CN8VxqR7y,0.54
1.70595E+12,22-01-2024 12:49,22-01-2024 12:55,zx_JUbMtR3n-Q9UMEf4RT,0.91
1.70595E+12,22-01-2024 12:49,22-01-2024 12:57,#NAME?,0.58
1.70595E+12,22-01-2024 12:49,22-01-2024 12:54,6SbWdNFP915nIhJifKHN-,0.64
1.70595E+12,22-01-2024 12:49,22-01-2024 12:55,OYOXlAyimwSJyZkWNl6pn,0.73
1.70595E+12,22-01-2024 12:49,22-01-2024 12:53,YqHRwRA27ytMsH5ugfd0j,0.5
1.70595E+12,22-01-2024 12:51,22-01-2024 12:55,TV2qPmqv3Hy4rHQ05_ZIp,0.25
1.70595E+12,22-01-2024 12:49,22-01-2024 12:54,nYEfDgf0joZ50S_x76OEe,0.25
1.70595E+12,22-01-2024 12:50,22-01-2024 12:57,sjqwJLs6CN6OWorMKVy4f,0.6
1.70595E+12,22-01-2024 12:51,22-01-2024 12:55,SpPt-uDuTINOInRGE53M6,0.7
1.70595E+12,22-01-2024 12:50,22-01-2024 13:00,bW2WIlXhzNpLE94LE-axV,0.94
1.70595E+12,22-01-2024 12:50,22-01-2024 12:56,MJYY1wxVbG9edPZiAPuvs,0.73
1.70595E+12,22-01-2024 12:50,22-01-2024 12:55,NSCtDKv8MYgXK-WqY-89D,0.85
1.70595E+12,22-01-2024 12:50,22-01-2024 12:55,zuNR8cHVmzVOOO0yuZRzl,0.72
1.70595E+12,22-01-2024 12:50,22-01-2024 12:58,SsiafPy_ea-PNPqBkuLtE,1
1.70595E+12,22-01-2024 12:50,22-01-2024 12:54,5OyV8w08Up823iqkAGu03,0.92
1.70595E+12,22-01-2024 12:50,22-01-2024 12:54,Wzm1eSAn_aBAN4ATTDRCL,0
1.70595E+12,22-01-2024 12:51,22-01-2024 12:56,9UdcMdzXpJ8S6CMHTV3bc,0.78
1.70595E+12,22-01-2024 12:51,22-01-2024 12:56,TQzmm5SLEHD943V0rtcIW,1
1.70595E+12,22-01-2024 12:51,22-01-2024 13:00,y75qjJK2RthNpDhbbo37N,0.79
1.70595E+12,22-01-2024 12:51,22-01-2024 12:57,ikphB4rN09dEphxs3klaj,1
1.70595E+12,22-01-2024 12:51,22-01-2024 13:00,wUi4NU-i9YD8Z0tyBUHok,1
1.70595E+12,22-01-2024 12:51,22-01-2024 12:56,RprvuUSkY00PtutOP-tD5,0
1.70595E+12,22-01-2024 12:51,22-01-2024 13:06,veQkPfPG_I_JXLsVtUFlv,0.72
1.70595E+12,22-01-2024 12:51,22-01-2024 12:57,tEGitCNsyeTc-JNC3K2Ij,0.69
1.70595E+12,22-01-2024 12:52,22-01-2024 13:01,PPbcqUBH_pYq3nql2Qo48,0.21
1.70595E+12,22-01-2024 12:51,22-01-2024 12:59,HcZLIuu6uhrSArwuJiBD5,0.83
1.70595E+12,22-01-2024 12:51,22-01-2024 13:02,2giOQMrDt99LmxLMQHAO0,0.72
1.70595E+12,22-01-2024 12:51,22-01-2024 12:58,e6meHDgo6ZscIizPJX-HQ,1
1.70595E+12,22-01-2024 12:53,22-01-2024 13:02,rcnWyUN54-UtqXRhiMSB9,1
1.70595E+12,22-01-2024 12:51,22-01-2024 12:56,cZ5_e5hoBfJ6mt0IEPS6B,0.62
1.70595E+12,22-01-2024 12:51,22-01-2024 12:57,_KFSK5fpOoObIip4J9m8w,1
1.70595E+12,22-01-2024 12:51,22-01-2024 13:00,4fRWEqL-voPNc_6rbYccX,0.81
1.70595E+12,22-01-2024 12:52,22-01-2024 13:01,fXLycNgAQkmhcGVGANV-J,0.82
1.70595E+12,22-01-2024 12:52,22-01-2024 12:59,FkhCy-nURxIwqAjCFT0Mi,0.55
1.70595E+12,22-01-2024 12:52,22-01-2024 12:56,gcWiQDWrDEf5vC1Jp490a,0.88
1.70595E+12,22-01-2024 12:52,22-01-2024 13:00,QPDdilz5Ig4jOLXIO4RSJ,0.76
1.70595E+12,22-01-2024 12:52,22-01-2024 12:55,ZfnAiJe9UW1V4OKzCLb2A,0.68
1.70595E+12,22-01-2024 12:53,22-01-2024 13:00,KLesxwGcB6ysIfmP6zJOr,0.47
1.70595E+12,22-01-2024 12:53,22-01-2024 12:59,O5px72Q1I_JE5z6amKngc,0.92
1.70595E+12,22-01-2024 12:54,22-01-2024 12:57,gaUPHdDWfb7l2ZJn9PVfW,1
1.70595E+12,22-01-2024 12:54,22-01-2024 12:59,j_RIRtWp1N9EZSsRQqejr,0.79
1.70595E+12,22-01-2024 12:53,22-01-2024 12:56,I9K4g59WkHM8E_dCq3DWA,0.84
1.70595E+12,22-01-2024 12:53,22-01-2024 12:59,GtoJzmp5iQ40AkuDy_7Ri,1
1.70595E+12,22-01-2024 12:53,22-01-2024 13:01,QFEjHaJc9zflJCPSSSM2q,0.71
1.70595E+12,22-01-2024 12:54,22-01-2024 12:59,ma3Em1NoHZwmWmZovBP1T,0
1.70595E+12,22-01-2024 12:53,22-01-2024 12:58,E6ZjpC-zKg2nsbczBwun3,0.36
1.70595E+12,22-01-2024 12:54,22-01-2024 13:04,Lbf0ARQLBINoW-LN3WWC4,1
1.70595E+12,22-01-2024 12:54,22-01-2024 12:58,MFjhIONXboJWn1zRsvOWv,0.83
1.70595E+12,22-01-2024 12:54,22-01-2024 13:04,Q0tuk-fNCenKFeQOVnFIF,0.49
1.70595E+12,22-01-2024 12:54,22-01-2024 13:01,CWo0DBbOBmBbyRFTMw8Vs,0.72
1.70595E+12,22-01-2024 12:54,22-01-2024 13:01,2pfLtcjhytMad6QQtIukj,0.68
1.70595E+12,22-01-2024 12:54,22-01-2024 13:06,ln5G8s12YExWV_sGjDgVO,0.44
1.70595E+12,22-01-2024 12:54,22-01-2024 13:31,i3johTpjh09auZNB47AnP,0.9
1.70595E+12,22-01-2024 12:54,22-01-2024 12:59,qTDXHOiIcfKFmn30j1CHY,0
1.70595E+12,22-01-2024 12:59,22-01-2024 13:06,hdD97g5nNEljVOqLh_uDu,0.24
1.70595E+12,22-01-2024 12:55,22-01-2024 13:05,Yk5lvyV9kgQMk2Gwi_RW4,0.38
1.70595E+12,22-01-2024 12:55,22-01-2024 13:06,ZCNpZT6M9y4YuBCMz-BAE,0.6
1.70595E+12,22-01-2024 12:55,22-01-2024 13:01,ebMnkAjGODdHJ9bCX506w,0.61
1.70595E+12,22-01-2024 12:55,22-01-2024 13:00,P_Cdz-5KulufaHQWRbKkU,0.88
1.70595E+12,22-01-2024 12:55,22-01-2024 13:05,cPpXSJIKPzIjnkZhRCmvT,0.94
1.70595E+12,22-01-2024 12:55,22-01-2024 13:02,d2p-bIOekZALm01d5uwSC,0
1.70595E+12,22-01-2024 12:55,22-01-2024 13:05,DIxc1PE_2lqxFnBI7Op5F,0.7
1.70595E+12,22-01-2024 12:56,22-01-2024 13:02,LDDUuJITpnc7oLLiNOJSE,0.93
1.70595E+12,22-01-2024 12:56,22-01-2024 13:03,2oQTtjDqElVV7FhRz4Y-y,1
1.70595E+12,22-01-2024 12:56,22-01-2024 13:04,02-IaUkRseiFkL-Pr_2jh,1
1.70595E+12,22-01-2024 12:56,22-01-2024 13:01,OO5btH-XLNjUmcL1s1d8U,0.45
1.70595E+12,22-01-2024 12:56,22-01-2024 13:07,K36zQVNYDniA2EZrvpZl5,0
1.70595E+12,22-01-2024 12:57,22-01-2024 13:03,0DZfHICkBFx0TEdPwu9bR,0
1.70595E+12,22-01-2024 12:57,22-01-2024 13:07,SrV-abNFigsw7hakcJH_9,0.31
1.70595E+12,22-01-2024 12:56,22-01-2024 13:03,tOguttYP-2-8ew_i-7Pdi,0.51
1.70595E+12,22-01-2024 12:56,22-01-2024 13:06,4yvooUZtVUuk8otLhhCnj,0.81
1.70595E+12,22-01-2024 12:56,22-01-2024 12:59,gP3-XYZpi4cyHKC7yi9vN,0.79
1.70595E+12,22-01-2024 12:56,22-01-2024 13:07,ZvzQQnRD0TU7Jdp3xG_g9,1
1.70595E+12,22-01-2024 12:57,22-01-2024 13:04,02AvGTdhBjSCay_AkU_u1,0
1.70595E+12,22-01-2024 12:57,22-01-2024 13:05,RcTe4XUAaJnRLqT4uXy6V,0.8
1.70595E+12,22-01-2024 12:57,22-01-2024 13:04,ypk6eufhHAVoPqEtm-RFO,0.64
1.70595E+12,22-01-2024 12:57,22-01-2024 13:03,5BeLmkyYSg-MHUxTnO-gJ,0.32
1.70595E+12,22-01-2024 12:58,22-01-2024 13:05,ROWb-zCU-UxPMWtQfoR0D,0.55
1.70595E+12,22-01-2024 12:59,22-01-2024 13:22,9rBl0f2_8Xfurs7S4BSdT,0.99
1.70595E+12,22-01-2024 12:58,22-01-2024 13:02,IPiC7hZYL1eX4CRMvCaL6,0
1.70595E+12,22-01-2024 12:58,22-01-2024 13:06,9idGRe9oWYHcleWURDkdz,0.85
1.70595E+12,22-01-2024 12:58,22-01-2024 13:03,UCAZ8DHtgVBZJgCOXXip_,0.24
1.70595E+12,22-01-2024 12:58,22-01-2024 13:01,3v15MQ5_cv9UBM-AjVrHO,0.71
1.70595E+12,22-01-2024 12:58,22-01-2024 13:09,vCJ2Z0A4NktPa76hzyWRQ,0.98
1.70595E+12,22-01-2024 12:59,22-01-2024 13:01,SmiytB7Tr7xUFYJ8bko6l,0.24
1.70595E+12,22-01-2024 12:59,22-01-2024 13:05,xynObwKng2JIvEm6RMKx3,0.52
1.70595E+12,22-01-2024 12:59,22-01-2024 13:02,X9h7ngCY1ePNmd1DLJNoN,0.41
1.70595E+12,22-01-2024 12:59,22-01-2024 13:08,LslXAz8bIA-BiZWwsCDKB,0.43
1.70595E+12,22-01-2024 12:59,22-01-2024 13:12,c7K0rmlmCfdjiPvB1PO-z,0.76
1.70595E+12,22-01-2024 13:03,22-01-2024 13:09,R8I3SQ3Fv6xeFC1WRTRg3,0.49
1.70595E+12,22-01-2024 12:59,22-01-2024 13:08,V48T3Q_uwGQf2k0b2ABoo,0
1.70595E+12,22-01-2024 12:59,22-01-2024 13:05,gG2c-7zNnlXacES1AT6Zd,0.83
1.70595E+12,22-01-2024 12:59,22-01-2024 13:03,lwrEGgs4GlyKuc1icCpGw,0.66
1.70595E+12,22-01-2024 12:59,22-01-2024 13:04,PfV2Ku9c4oLLL2j-1kBQM,0.71
1.70595E+12,22-01-2024 13:01,22-01-2024 13:10,eajstsid0exEAMKh8X9UK,0
1.70595E+12,22-01-2024 13:00,22-01-2024 13:09,qe0NBy0B_p3_hMjXoHNN3,0.91
1.70595E+12,22-01-2024 13:00,22-01-2024 13:05,tmwBdfUaCVce1-df8K166,0.62
1.70595E+12,22-01-2024 13:00,22-01-2024 13:07,Jo6mlUsAI_4BOK3pgA40a,1
1.70595E+12,22-01-2024 13:00,22-01-2024 13:06,QubVH7I8Ksvefd-t1wgS3,0.56
1.70595E+12,22-01-2024 13:00,22-01-2024 13:09,JONYAyf9IVSCIyRphjh0N,0.59
1.70595E+12,22-01-2024 13:01,22-01-2024 13:08,c5kFsOU_z-aCEdJ6Tv0Os,0
1.70595E+12,22-01-2024 13:02,22-01-2024 13:08,NSV6YH8eXYtrKa3ydiCnW,0.64
1.70595E+12,22-01-2024 13:01,22-01-2024 13:13,SxtH_hro2BjaPBCUxEDal,1
1.70595E+12,22-01-2024 13:01,22-01-2024 13:08,9MTuTRhO5ltg7aPIrPIGT,0.28
1.70595E+12,22-01-2024 13:01,22-01-2024 13:07,oRq0lqwJgRgdFQ3OrxWTS,0.68
1.70595E+12,22-01-2024 13:01,22-01-2024 13:22,AyCxxWHdjuU6lnMcSmFzR,1
1.70595E+12,22-01-2024 13:02,22-01-2024 13:08,JR895F88TTCM2NocYQE-G,0.42
1.70595E+12,22-01-2024 13:01,22-01-2024 13:05,pqVGK039yvViQYpT_sMyV,0.57
1.70595E+12,22-01-2024 13:02,22-01-2024 13:09,zY8p9vkNlqxG8xnWtwHpY,0.69
1.70595E+12,22-01-2024 13:02,22-01-2024 13:11,t78NZid9LR9S6pOezA2c1,0
1.70595E+12,22-01-2024 13:02,22-01-2024 13:05,oTC0HMRjXjkgbym-zdHRm,0.64
1.70595E+12,22-01-2024 13:02,22-01-2024 13:11,UjcjO8n8V4UXnHJB6m9MZ,0.83
1.70595E+12,22-01-2024 13:02,22-01-2024 13:09,Mew24UCfqwyAprJryJJl8,0.72
1.70595E+12,22-01-2024 13:02,22-01-2024 13:23,_k9jxyXNV7t_3lRnPOAQU,1
1.70595E+12,22-01-2024 13:02,22-01-2024 13:05,VRJPXYoMsnshmCAlz55Ge,0.59
1.70595E+12,22-01-2024 13:02,22-01-2024 13:08,qZoJizf-2k0oLrXcnTIUx,0.65
1.70595E+12,22-01-2024 13:02,22-01-2024 13:10,YzRzIU9FQdin0QH6pfcO6,0.47
1.70595E+12,22-01-2024 13:03,22-01-2024 13:08,C2eekDstAntoClC4TqA_q,0.32
1.70595E+12,22-01-2024 13:11,22-01-2024 13:22,B9ouy_i_QECY3t3rrBC0n,0.77
1.70595E+12,22-01-2024 13:03,22-01-2024 13:13,Muco6Utef-KA_VgCh8aND,0
1.70595E+12,22-01-2024 13:05,22-01-2024 13:15,sS8S-53YLWXA4278-K3om,0
1.70595E+12,22-01-2024 13:04,22-01-2024 13:11,e-qwdmo3J3jtohU9YtG1K,0.44
1.70595E+12,22-01-2024 13:04,22-01-2024 13:12,0_bRwzDbwn5W7bDWk1ySI,0.93
1.70595E+12,22-01-2024 13:04,22-01-2024 13:08,Wk5YCG-IPoa1Ei6_aqoeX,0.82
1.70595E+12,22-01-2024 13:05,22-01-2024 13:10,Ms9ZHc7v8kcPGyEcTsFDV,0.6
1.70595E+12,22-01-2024 13:05,22-01-2024 13:13,T_J1nhnYsCysgqTq1gvi8,1
1.70595E+12,22-01-2024 13:05,22-01-2024 13:14,0Ba41cSRsdCEP-FVvHmCq,0.86
1.70595E+12,22-01-2024 13:05,22-01-2024 13:06,mAl1XdXC8E8w8-nnbpFYa,0.31
1.70595E+12,22-01-2024 13:05,22-01-2024 13:13,dO8sPVaSfj8-SDkQNv-j-,0.74
1.70595E+12,22-01-2024 13:05,22-01-2024 13:10,NWRRc1DWH1PUkIONJdDCG,1
1.70595E+12,22-01-2024 13:05,22-01-2024 13:18,EnDnBpA6Zmn1KI3g_Ba6z,1
1.70595E+12,22-01-2024 13:06,22-01-2024 13:12,W8YV0phKEpKEJgl72hPxp,0.67
1.70595E+12,22-01-2024 13:06,22-01-2024 13:09,8NIHmntv7nOrDfwKbSWT7,0
1.70595E+12,22-01-2024 13:06,22-01-2024 13:15,RQU-Moy4JSKKizDVCP3pf,0.75
1.70595E+12,22-01-2024 13:07,22-01-2024 13:16,MDJRgWkxO0BqRd-df8K0D,0.76
1.70595E+12,22-01-2024 13:06,22-01-2024 13:14,vj79M0Gom65PzL74obODR,0.68
1.70595E+12,22-01-2024 13:06,22-01-2024 13:13,rmhIu15S3KNLn_GuW6lyj,0.95
1.70595E+12,22-01-2024 13:06,22-01-2024 13:14,1VwUWSndkpA8jdTtGIp8S,0.89
1.70595E+12,22-01-2024 13:06,22-01-2024 13:18,AgoKz4GDdoKuX7jIH6DIg,0.82
1.70595E+12,22-01-2024 13:06,22-01-2024 13:12,BdYYabHdJFAzyalSMhL3X,0
1.70595E+12,22-01-2024 13:06,22-01-2024 13:12,ACBdEXa83XgGy6O82eRfq,0.3
1.70595E+12,22-01-2024 13:06,22-01-2024 13:13,rBpz-O9-2BXdj0sk7IsDx,0
1.70595E+12,22-01-2024 13:06,22-01-2024 13:12,FdH15oMYC42iEAhWJBxnb,0.47
1.70595E+12,22-01-2024 13:06,22-01-2024 13:25,5OV2xd6HtamZvEzyWb2O1,0.98
1.70595E+12,22-01-2024 13:07,22-01-2024 13:12,Ki-zw2EM4ecqfVDGeOipy,0
1.70595E+12,22-01-2024 13:08,22-01-2024 13:16,ABNE83UAoSYdTJelMF5aS,1
1.70595E+12,22-01-2024 13:08,22-01-2024 13:21,fGaP38p_ipfjEodX4NBre,0.78
1.70595E+12,22-01-2024 13:08,22-01-2024 13:11,fzBGEFCwlE9V0XIc-3Wgb,0.17
1.70595E+12,22-01-2024 13:08,22-01-2024 13:19,3gesYSlY0Rzk8YTZnFAH3,0.97
1.70595E+12,22-01-2024 13:08,22-01-2024 13:12,xtJQ1q9sL3iQqdzlCAuk8,0.59
1.70595E+12,22-01-2024 13:08,22-01-2024 13:13,-3NhFfW12LqPXsk7JZ7CB,0.69
1.70595E+12,22-01-2024 13:12,22-01-2024 13:24,iF7NLTrkjxxl4NSigtOlr,0.47
1.70595E+12,22-01-2024 13:09,22-01-2024 13:12,XhqVPDF3Bb2R6abxRLh_K,0.42
1.70595E+12,22-01-2024 13:10,22-01-2024 13:15,wG11c9GdMY1KJPVi-VFHE,0.68
1.70595E+12,22-01-2024 13:09,22-01-2024 13:15,u_OHObWZ7mSW8sXXEPSAQ,0.8
1.70595E+12,22-01-2024 13:09,22-01-2024 13:14,pRc8pjuZ9cG--atcmYlGo,0.7
1.70595E+12,22-01-2024 13:10,22-01-2024 13:16,tA0CThXk7RAgR4prn5FD9,0.45
1.70595E+12,22-01-2024 13:09,22-01-2024 13:15,qpW52WrumZ05D3Ru8cnXM,0.6
1.70595E+12,22-01-2024 13:10,22-01-2024 13:16,ddPzan2VxcJ3t1R9o3bP0,0.61
1.70595E+12,22-01-2024 13:10,22-01-2024 13:26,o2Hj1g5OuHgAO1Mov_TDW,0.82
1.70595E+12,22-01-2024 13:11,22-01-2024 13:18,ZakgNSDfw06-b-EZz2q6l,0.42
1.70595E+12,22-01-2024 13:11,22-01-2024 13:14,b31D0ZL08BIxeCoFU6tfb,0.81
1.70595E+12,22-01-2024 13:11,22-01-2024 13:16,8zCiYWcPOnNz2YIezkcUm,0.65
1.70595E+12,22-01-2024 13:11,22-01-2024 13:20,0bVKBt6Xerx8JS4wvfkif,0.59
1.70595E+12,22-01-2024 13:11,22-01-2024 13:19,1Np1TRWeKH6WRRrLzN05X,1
1.70595E+12,22-01-2024 13:15,22-01-2024 13:24,zs8gBF_TiftGy5iJMNONV,0.81
1.70595E+12,22-01-2024 13:13,22-01-2024 13:32,akr6ydD1ohuG_MEbAAtlp,0.91
1.70595E+12,22-01-2024 13:11,22-01-2024 13:17,I2NMhNtkQdi06aJ_pTPT6,0
1.70595E+12,22-01-2024 13:12,22-01-2024 13:14,qTO0YcUPZLbw3-GaogWwp,0.55
1.70595E+12,22-01-2024 13:12,22-01-2024 13:22,fHem72UzYjEvsNtPBrqNC,0.71
1.70595E+12,22-01-2024 13:12,22-01-2024 13:25,tJF_PdOqDRB1A2duqDEc2,1
1.70595E+12,22-01-2024 13:12,22-01-2024 13:21,z2Sb8-VkcF1ZrMRHPDfDI,0.78
1.70595E+12,22-01-2024 13:13,22-01-2024 13:20,66A0Q6UYbik8AV4P83kIn,1
1.70595E+12,22-01-2024 13:13,22-01-2024 13:18,W-sPEOiUB2bVXqlOLR_Ry,0.63
1.70595E+12,22-01-2024 13:12,22-01-2024 13:16,ltG7oKl6gOTusxpWcsMWV,0.85
1.70595E+12,22-01-2024 13:13,22-01-2024 13:23,5yIFltwO_C4dv9xSjCsM2,0.37
1.70595E+12,22-01-2024 13:13,22-01-2024 13:17,cyArJBnTVJ-ZTNGG2IdM_,0
1.70595E+12,22-01-2024 13:13,22-01-2024 13:17,5Pd-zLuePTUdYGp9v4Xeb,0.92
1.70595E+12,22-01-2024 13:13,22-01-2024 13:34,x7e3HzZj4yNO9enHb9Cc3,0.86
1.70595E+12,22-01-2024 13:13,22-01-2024 13:22,itiNcbDEBMzwCJIbSderA,0.76
1.70595E+12,22-01-2024 13:13,22-01-2024 13:17,aXHB5IgDXowg_v_Z_vSdy,0.97
1.70595E+12,22-01-2024 13:15,22-01-2024 13:17,ki77R5_iDbI-NJRGAm1m2,0.89
1.70595E+12,22-01-2024 13:14,22-01-2024 13:19,EeJrLpqy-R3aj88bukMKh,0.5
1.70595E+12,22-01-2024 13:14,22-01-2024 13:36,kuXD1MU0XnzyMN5EcTRKS,0.84
1.70595E+12,22-01-2024 13:14,22-01-2024 13:18,e3D6EVXT3ITO8MuMSViug,0.57
1.70595E+12,22-01-2024 13:15,22-01-2024 13:27,Jlcfqlaqn7hTz9XcTKo4h,0.98
1.70595E+12,22-01-2024 13:15,22-01-2024 13:20,pqLZFpiUuvrA8ye8tcoXh,0.88
1.70595E+12,22-01-2024 13:15,22-01-2024 13:18,RTG8fC_-e-ih0PdFI39Uf,0.77
1.70595E+12,22-01-2024 13:15,22-01-2024 13:19,V66xAvHPRL95spj6uuXsQ,0.5
1.70595E+12,22-01-2024 13:16,22-01-2024 13:21,_0nYSSzfLhXGZyYiqknOF,0
1.70595E+12,22-01-2024 13:16,22-01-2024 13:22,qmvb-Tv93Q9yWqNRaUUfa,0.34
1.70595E+12,22-01-2024 13:15,22-01-2024 13:22,tKZTuyVUtrZjKZW7FsKwY,0.96
1.70595E+12,22-01-2024 13:15,22-01-2024 13:23,S8iEhIKVCXRM_T6_1rxzh,0.25
1.70595E+12,22-01-2024 13:16,22-01-2024 13:20,erFJKNdL5BmZp3symY1yq,0.78
1.70595E+12,22-01-2024 13:16,22-01-2024 13:21,j1YBOrTkEcJ1bjGU5TVto,0.79
1.70595E+12,22-01-2024 13:16,22-01-2024 13:19,tYySjjpDm3DLnY9PAOzbo,0.64
1.70595E+12,22-01-2024 13:16,22-01-2024 13:21,cSLf9tPnBd37QWzzQSO4i,0.48
1.70595E+12,22-01-2024 13:16,22-01-2024 13:28,_gEsh3T2LkpBkReyWRWQl,0.49
1.70595E+12,22-01-2024 13:39,22-01-2024 13:43,1E-K9E7w1RFcvI7reuL1X,0
1.70595E+12,22-01-2024 13:16,22-01-2024 13:23,HiKqnpRJLtGTcys6ZG_K9,0.9
1.70595E+12,22-01-2024 13:17,22-01-2024 13:22,FL_SGREHvODnFCHQUsLLl,0
1.70595E+12,22-01-2024 13:17,22-01-2024 13:28,Pgxo_grQ81jSgIxu6c8ZT,0.84
1.70595E+12,22-01-2024 13:16,22-01-2024 13:20,kCxeHYImupA1KxEKZoS-j,0.14
1.70595E+12,22-01-2024 13:17,22-01-2024 13:24,_e7iedmO1-nZKqu4qksPz,0.33
1.70595E+12,22-01-2024 13:17,22-01-2024 13:22,_vE_dLnf2e6HEvIPCw9qL,0.83
1.70595E+12,22-01-2024 13:19,22-01-2024 13:38,iH0xCrJtBLyf183lRso08,0.87
1.70595E+12,22-01-2024 13:17,22-01-2024 13:20,LzYOhMWfJWxC7tpx3R3tn,0
1.70595E+12,22-01-2024 13:17,22-01-2024 13:20,AqXFlpE_CvnjXIKdpfwyE,0.66
1.70595E+12,22-01-2024 13:18,22-01-2024 13:24,UX3qnNyDdOGJ2n8xVy_Ga,0.68
1.70595E+12,22-01-2024 13:18,22-01-2024 13:25,GuAMYKbfFOg1L5ZhC5wyg,0.54
1.70595E+12,22-01-2024 13:18,22-01-2024 13:27,uoZjoigWbebMk6Xa-KuSx,0.78
1.70595E+12,22-01-2024 13:19,22-01-2024 13:25,AuvnfQzSINpF26VbxUbIK,0.19
1.70595E+12,22-01-2024 13:21,22-01-2024 13:29,rHRvvYXC7WZpZL657CjxV,0.75
1.70595E+12,22-01-2024 13:22,22-01-2024 13:30,JjEITCSoIJ7T5RjV5h_oS,0.65
1.70595E+12,22-01-2024 13:22,22-01-2024 13:25,wKRWR_SA0wrWrKPn-CUut,0.86
1.70595E+12,22-01-2024 13:23,22-01-2024 13:28,IIqtzGY1ZFYYGNhwSW8jz,0.59
1.70595E+12,22-01-2024 13:24,22-01-2024 13:33,FkG9VFunD4wxx5JRH7Gk2,0.76
1.70595E+12,22-01-2024 13:24,22-01-2024 13:34,iEegmSuFPY5v4m9v1DjGG,0.65
1.70595E+12,22-01-2024 13:25,22-01-2024 13:32,jpFCMhJBhSHauxiDH8x5_,0.72
1.70595E+12,22-01-2024 13:27,22-01-2024 13:36,-7RjjoL54KIhwXZLbiqjS,0.57
1.70595E+12,22-01-2024 13:28,22-01-2024 13:36,I5RrrYPHGgmg3F6mYKifF,0.66
1.70595E+12,22-01-2024 13:28,22-01-2024 13:30,RTMrZYKzO-VfFj_d3bHm6,0.5
1.70595E+12,22-01-2024 13:28,22-01-2024 13:47,lw9hoSkwkCKm1m8AeMBQ6,0.9
1.70595E+12,22-01-2024 13:29,22-01-2024 13:35,V4eZuzSjXOWPk_RyhLQop,0.38
1.70595E+12,22-01-2024 13:30,22-01-2024 13:35,NCgL-6EETXXKQUgeMKCMR,0.73
1.70595E+12,22-01-2024 13:31,22-01-2024 13:33,kYgnZeSb-WYyMwIPfm2jy,0.69
1.70595E+12,22-01-2024 13:30,22-01-2024 13:36,NK-ORS6jtkHrzupR6sB8_,0
1.70595E+12,22-01-2024 13:33,22-01-2024 13:49,jDiNs67WO8TISwuZhhl7z,1
1.70595E+12,22-01-2024 13:33,22-01-2024 13:35,f2mQO44NX0aUwEfoN_4H1,0.77
1.70595E+12,22-01-2024 13:35,22-01-2024 13:44,AVIaC_3IQKyi4xzr-nupZ,0.79
1.70595E+12,22-01-2024 13:48,22-01-2024 13:54,e8oIpU64hWrP4qDh99IGX,0.83
1.70595E+12,22-01-2024 13:36,22-01-2024 13:38,-Ve5GqQ4FLD-1WQsbk6h7,0.7
1.70595E+12,22-01-2024 13:39,22-01-2024 13:48,jRiboppx9doj-Cxi2UmDG,0.69
1.70595E+12,22-01-2024 13:37,22-01-2024 13:57,4TruyplgPKhicDzpJyZIy,0.95
1.70595E+12,22-01-2024 13:37,22-01-2024 13:41,vhZ9mAZDHoJGmUeT6EFJ9,0.99
1.70595E+12,22-01-2024 13:37,22-01-2024 13:44,tsl1n9APLTnc0q0SX2E-y,0.67
1.70595E+12,22-01-2024 13:38,22-01-2024 13:45,mOlgujolGNa0yGBob3EJR,0.73
1.70595E+12,22-01-2024 13:38,22-01-2024 13:45,creURigz7mdyZ0ixsE2Cf,0.59
1.70595E+12,22-01-2024 13:38,22-01-2024 13:42,3YZUHvXrjkc_PzXd-3y59,1
1.70595E+12,22-01-2024 13:39,22-01-2024 13:49,8L-bb_MgyWTci9UshxIo_,0.53
1.70595E+12,22-01-2024 13:38,22-01-2024 13:49,oT23oeCnn-7EP35yhtjec,1
1.70595E+12,22-01-2024 13:39,22-01-2024 13:49,5JiL_zRQJG2MSBL9-CC8U,0.89
1.70595E+12,22-01-2024 13:39,22-01-2024 13:48,VsIdpUk655ZscIw9ENZvo,1
1.70595E+12,22-01-2024 13:39,22-01-2024 13:46,naykeoVt55S8DxoDO8xdc,0
1.70595E+12,22-01-2024 13:39,22-01-2024 13:48,mx_AykUf2PcwpuoCnXt38,0.74
1.70595E+12,22-01-2024 13:40,22-01-2024 13:47,H-FAPdHJf8gEPFzxqPCa0,0.52
1.70595E+12,22-01-2024 13:41,22-01-2024 13:53,fQaqU7eejR_64LeemNyIO,0.61
1.70595E+12,22-01-2024 13:41,22-01-2024 13:48,0ZjJt4iHdG8Y_YYHONmTf,0.81
1.70595E+12,22-01-2024 13:41,22-01-2024 13:49,8rRNqc9hIgvcWpLLJgA57,0.65
1.70595E+12,22-01-2024 13:41,22-01-2024 13:46,qHoJx5Tk9ycs_7xFW-wyx,0.52
1.70595E+12,22-01-2024 13:42,22-01-2024 13:44,2yHWk28bmINVJixI89YiE,0
1.70595E+12,22-01-2024 13:43,22-01-2024 13:48,UA7C2swjOXtF0ruCVKSIQ,0.92
1.70595E+12,22-01-2024 13:43,22-01-2024 13:47,GOn7seZ2OLtm3TPxXdeoy,1
1.70595E+12,22-01-2024 13:43,22-01-2024 13:55,yPvsSxPemt6-BhrBe2PG0,0.71
1.70595E+12,22-01-2024 13:45,22-01-2024 13:58,axgEUGiYxjM5fmu-ZRujY,0.64
1.70595E+12,22-01-2024 13:45,22-01-2024 13:55,t0xCwj7wVv2JEYnZ_BNl9,0.8
1.70595E+12,22-01-2024 13:45,22-01-2024 13:50,i7BnxT2SL0EzCDnBJsaIB,0.8
1.70595E+12,22-01-2024 13:46,22-01-2024 13:49,8q1qotJjdCFBKekncmCrV,0.73
1.70595E+12,22-01-2024 13:47,22-01-2024 13:54,x1JlsQw_2DYD4qi0A_t1_,0.78
1.70595E+12,22-01-2024 13:47,22-01-2024 14:06,bftDtyWKhOG73nNx_cgdr,0.47
1.70595E+12,22-01-2024 13:48,22-01-2024 13:54,GBB1xljWIiCLB9VGqDmC9,0.58
1.70595E+12,22-01-2024 13:50,22-01-2024 14:01,qj7IioB5jC56sX4aeH4_y,0.88
1.70595E+12,22-01-2024 13:49,22-01-2024 13:57,F9NfPHfPa6cnQqI8cgWMr,0.49
1.70595E+12,22-01-2024 13:49,22-01-2024 13:56,6a_47ERLvGWhzLk1FswtR,0.47
1.70595E+12,22-01-2024 13:50,22-01-2024 14:01,mYfSFAWrlzH5an150MUz2,0.78
1.70595E+12,22-01-2024 13:50,22-01-2024 13:59,tBvX4XChP7Mw9qE-84bcS,0.93
1.70595E+12,22-01-2024 13:51,22-01-2024 13:57,vMrlaMFAPomo_Ah2FJmoZ,0
1.70595E+12,22-01-2024 13:51,22-01-2024 13:56,uFsUFteiD1XPJJx6J-C5R,0.79
1.70595E+12,22-01-2024 13:58,22-01-2024 14:05,d7FOQDf6HizglVW3-4EW3,0.48
1.70595E+12,22-01-2024 14:03,22-01-2024 14:10,8x5_CGzo72Kf3a2v7ePtF,0.83
1.70595E+12,22-01-2024 14:02,22-01-2024 14:09,AaS5JtyLLnXVvxRdlJtuO,0.09
1.70595E+12,22-01-2024 14:08,22-01-2024 14:23,kGcpLE7zGbL7yMYdOqUxv,0.51
1.70595E+12,22-01-2024 14:10,22-01-2024 14:15,my1dAMPIQboWan9f484M2,0.75
1.70595E+12,22-01-2024 14:13,22-01-2024 14:23,NTgjJCa20H83Ph4UY0qIo,0.92
1.70595E+12,22-01-2024 14:21,22-01-2024 14:26,4B3DWDa8ieII_y1kJBzcS,0.82
